id,tamano,color,descripcion
276,Pequeno,Azul,Sin descripcion
1889,Mediano,Azul,Uno de los productos mas vendidos
398,Pequeno,Verde,Sin descripcion
1687,Pequeno,Azul,Sin descripcion
668,Pequeno,Amarillo,Uno de los productos mas vendidos
1807,Grande,Verde,Uno de los productos mas vendidos
1885,Mediano,Amarillo,Sin descripcion
788,Pequeno,Verde,Uno de los productos mas vendidos
3538,Grande,Amarillo,Uno de los productos mas vendidos
3672,Grande,Amarillo,Uno de los productos mas vendidos
1884,Mediano,Amarillo,Uno de los productos mas vendidos
529,Grande,Amarillo,Uno de los productos mas vendidos
1758,Mediano,Verde,Sin descripcion
3549,Mediano,Violeta,Sin descripcion
3597,Grande,Violeta,Uno de los productos mas vendidos
679,Mediano,Rojo,Uno de los productos mas vendidos
52,Mediano,Azul,Sin descripcion
1720,Grande,Violeta,Uno de los productos mas vendidos
3550,Mediano,Verde,Sin descripcion
391,Pequeno,Violeta,Sin descripcion
3613,Mediano,Azul,Sin descripcion
3621,Mediano,Violeta,Sin descripcion
1925,Pequeno,Azul,Uno de los productos mas vendidos
3495,Grande,Violeta,Uno de los productos mas vendidos
426,Grande,Rojo,Uno de los productos mas vendidos
728,Mediano,Azul,Sin descripcion
743,Mediano,Rojo,Uno de los productos mas vendidos
419,Grande,Rojo,Sin descripcion
598,Mediano,Azul,Sin descripcion
199,Mediano,Azul,Uno de los productos mas vendidos
1777,Grande,Verde,Sin descripcion
1740,Pequeno,Verde,Sin descripcion
3546,Grande,Violeta,Uno de los productos mas vendidos
1829,Grande,Azul,Uno de los productos mas vendidos
571,Grande,Amarillo,Sin descripcion
1837,Grande,Rojo,Uno de los productos mas vendidos
1931,Grande,Azul,Sin descripcion
1776,Grande,Azul,Uno de los productos mas vendidos
697,Grande,Rojo,Uno de los productos mas vendidos
3487,Pequeno,Azul,Uno de los productos mas vendidos
3590,Mediano,Violeta,Sin descripcion
272,Mediano,Violeta,Uno de los productos mas vendidos
3617,Pequeno,Rojo,Uno de los productos mas vendidos
1629,Pequeno,Verde,Uno de los productos mas vendidos
76,Grande,Amarillo,Sin descripcion
1892,Mediano,Verde,Uno de los productos mas vendidos
3508,Mediano,Verde,Uno de los productos mas vendidos
296,Pequeno,Verde,Sin descripcion
1725,Pequeno,Verde,Sin descripcion
3485,Pequeno,Azul,Sin descripcion
1697,Pequeno,Rojo,Uno de los productos mas vendidos
1920,Mediano,Rojo,Sin descripcion
3497,Pequeno,Verde,Uno de los productos mas vendidos
3527,Grande,Violeta,Uno de los productos mas vendidos
1879,Pequeno,Azul,Sin descripcion
392,Mediano,Rojo,Uno de los productos mas vendidos
3506,Pequeno,Verde,Uno de los productos mas vendidos
3559,Mediano,Rojo,Uno de los productos mas vendidos
1673,Pequeno,Rojo,Uno de los productos mas vendidos
1811,Mediano,Amarillo,Uno de los productos mas vendidos
3630,Mediano,Verde,Sin descripcion
1833,Pequeno,Azul,Uno de los productos mas vendidos
1712,Grande,Verde,Sin descripcion
430,Pequeno,Azul,Uno de los productos mas vendidos
1704,Mediano,Rojo,Uno de los productos mas vendidos
3646,Grande,Azul,Sin descripcion
71,Grande,Azul,Sin descripcion
509,Mediano,Verde,Uno de los productos mas vendidos
1751,Pequeno,Rojo,Sin descripcion
1942,Grande,Violeta,Sin descripcion
1813,Pequeno,Violeta,Sin descripcion
1762,Pequeno,Violeta,Sin descripcion
3664,Pequeno,Amarillo,Sin descripcion
635,Grande,Rojo,Uno de los productos mas vendidos
1896,Pequeno,Violeta,Uno de los productos mas vendidos
331,Pequeno,Amarillo,Uno de los productos mas vendidos
3560,Grande,Azul,Uno de los productos mas vendidos
3490,Mediano,Azul,Uno de los productos mas vendidos
3569,Mediano,Azul,Sin descripcion
3540,Grande,Violeta,Sin descripcion
114,Grande,Amarillo,Uno de los productos mas vendidos
3605,Mediano,Violeta,Sin descripcion
3593,Pequeno,Violeta,Uno de los productos mas vendidos
1742,Grande,Rojo,Sin descripcion
749,Pequeno,Violeta,Uno de los productos mas vendidos
3572,Mediano,Verde,Sin descripcion
409,Pequeno,Amarillo,Uno de los productos mas vendidos
3502,Mediano,Rojo,Sin descripcion
230,Grande,Azul,Uno de los productos mas vendidos
1916,Pequeno,Verde,Uno de los productos mas vendidos
59,Pequeno,Azul,Uno de los productos mas vendidos
3521,Grande,Violeta,Uno de los productos mas vendidos
3592,Grande,Violeta,Uno de los productos mas vendidos
1902,Grande,Amarillo,Sin descripcion
1910,Pequeno,Amarillo,Uno de los productos mas vendidos
260,Mediano,Rojo,Sin descripcion
1922,Mediano,Violeta,Sin descripcion
1887,Grande,Azul,Sin descripcion
116,Pequeno,Verde,Sin descripcion
2164,Grande,Verde,Uno de los productos mas vendidos
1849,Pequeno,Verde,Sin descripcion
3522,Pequeno,Amarillo,Sin descripcion
741,Grande,Azul,Uno de los productos mas vendidos
3676,Mediano,Verde,Sin descripcion
3467,Mediano,Rojo,Uno de los productos mas vendidos
1737,Pequeno,Violeta,Uno de los productos mas vendidos
3475,Pequeno,Violeta,Uno de los productos mas vendidos
1770,Grande,Amarillo,Uno de los productos mas vendidos
1860,Mediano,Rojo,Uno de los productos mas vendidos
437,Pequeno,Rojo,Sin descripcion
523,Pequeno,Violeta,Sin descripcion
451,Mediano,Violeta,Uno de los productos mas vendidos
1757,Mediano,Azul,Uno de los productos mas vendidos
1810,Mediano,Rojo,Uno de los productos mas vendidos
1828,Mediano,Violeta,Sin descripcion
3516,Grande,Verde,Uno de los productos mas vendidos
1745,Pequeno,Amarillo,Sin descripcion
131,Mediano,Rojo,Uno de los productos mas vendidos
309,Grande,Amarillo,Sin descripcion
1605,Grande,Amarillo,Sin descripcion
1665,Pequeno,Verde,Sin descripcion
348,Pequeno,Verde,Uno de los productos mas vendidos
801,Grande,Rojo,Sin descripcion
1736,Pequeno,Violeta,Sin descripcion
777,Pequeno,Azul,Uno de los productos mas vendidos
1688,Mediano,Violeta,Uno de los productos mas vendidos
3623,Mediano,Amarillo,Sin descripcion
346,Grande,Azul,Sin descripcion
3662,Grande,Violeta,Sin descripcion
249,Mediano,Violeta,Uno de los productos mas vendidos
724,Pequeno,Amarillo,Sin descripcion
1787,Grande,Rojo,Sin descripcion
3574,Grande,Verde,Uno de los productos mas vendidos
1692,Mediano,Azul,Sin descripcion
222,Grande,Verde,Uno de los productos mas vendidos
672,Pequeno,Verde,Sin descripcion
3576,Grande,Verde,Uno de los productos mas vendidos
1915,Grande,Verde,Uno de los productos mas vendidos
1683,Mediano,Violeta,Uno de los productos mas vendidos
374,Mediano,Amarillo,Uno de los productos mas vendidos
455,Grande,Violeta,Uno de los productos mas vendidos
654,Pequeno,Amarillo,Sin descripcion
753,Grande,Rojo,Sin descripcion
3611,Pequeno,Rojo,Uno de los productos mas vendidos
3547,Grande,Rojo,Uno de los productos mas vendidos
1766,Mediano,Violeta,Sin descripcion
139,Pequeno,Azul,Uno de los productos mas vendidos
507,Mediano,Violeta,Sin descripcion
1817,Pequeno,Amarillo,Uno de los productos mas vendidos
1855,Pequeno,Verde,Sin descripcion
1946,Mediano,Verde,Uno de los productos mas vendidos
3661,Mediano,Verde,Sin descripcion
1874,Grande,Violeta,Uno de los productos mas vendidos
786,Grande,Verde,Uno de los productos mas vendidos
1853,Grande,Azul,Uno de los productos mas vendidos
90,Pequeno,Azul,Uno de los productos mas vendidos
701,Pequeno,Rojo,Sin descripcion
3473,Pequeno,Rojo,Uno de los productos mas vendidos
1734,Pequeno,Rojo,Sin descripcion
680,Pequeno,Rojo,Sin descripcion
1685,Grande,Rojo,Uno de los productos mas vendidos
1801,Grande,Azul,Sin descripcion
216,Grande,Rojo,Uno de los productos mas vendidos
2172,Pequeno,Rojo,Sin descripcion
3671,Pequeno,Amarillo,Sin descripcion
1701,Grande,Rojo,Sin descripcion
1754,Grande,Rojo,Sin descripcion
686,Grande,Rojo,Uno de los productos mas vendidos
1732,Pequeno,Verde,Sin descripcion
356,Pequeno,Azul,Sin descripcion
800,Pequeno,Amarillo,Uno de los productos mas vendidos
1650,Mediano,Amarillo,Sin descripcion
642,Pequeno,Verde,Uno de los productos mas vendidos
3675,Grande,Rojo,Uno de los productos mas vendidos
1778,Mediano,Verde,Uno de los productos mas vendidos
3548,Mediano,Azul,Uno de los productos mas vendidos
3511,Grande,Verde,Uno de los productos mas vendidos
605,Pequeno,Amarillo,Uno de los productos mas vendidos
3674,Mediano,Amarillo,Sin descripcion
177,Grande,Verde,Sin descripcion
636,Mediano,Azul,Uno de los productos mas vendidos
524,Pequeno,Azul,Uno de los productos mas vendidos
1818,Grande,Violeta,Uno de los productos mas vendidos
1764,Grande,Amarillo,Uno de los productos mas vendidos
3680,Pequeno,Azul,Uno de los productos mas vendidos
3459,Pequeno,Azul,Uno de los productos mas vendidos
500,Mediano,Rojo,Sin descripcion
1746,Grande,Amarillo,Uno de los productos mas vendidos
3683,Grande,Violeta,Sin descripcion
1826,Mediano,Violeta,Sin descripcion
1934,Pequeno,Verde,Sin descripcion
578,Pequeno,Verde,Uno de los productos mas vendidos
465,Pequeno,Azul,Uno de los productos mas vendidos
3472,Grande,Azul,Uno de los productos mas vendidos
565,Mediano,Amarillo,Sin descripcion
402,Grande,Azul,Sin descripcion
526,Pequeno,Verde,Sin descripcion
1906,Pequeno,Rojo,Uno de los productos mas vendidos
306,Pequeno,Violeta,Uno de los productos mas vendidos
118,Mediano,Verde,Sin descripcion
3478,Pequeno,Amarillo,Sin descripcion
2176,Grande,Verde,Sin descripcion
1741,Pequeno,Amarillo,Uno de los productos mas vendidos
363,Mediano,Rojo,Uno de los productos mas vendidos
3528,Pequeno,Amarillo,Uno de los productos mas vendidos
389,Pequeno,Verde,Sin descripcion
1823,Mediano,Azul,Uno de los productos mas vendidos
3461,Pequeno,Amarillo,Uno de los productos mas vendidos
3635,Pequeno,Verde,Sin descripcion
1832,Grande,Verde,Uno de los productos mas vendidos
3505,Pequeno,Azul,Uno de los productos mas vendidos
3601,Pequeno,Violeta,Sin descripcion
3632,Pequeno,Violeta,Sin descripcion
3470,Pequeno,Rojo,Sin descripcion
3507,Pequeno,Verde,Sin descripcion
51,Mediano,Amarillo,Uno de los productos mas vendidos
3471,Mediano,Violeta,Uno de los productos mas vendidos
784,Grande,Violeta,Sin descripcion
3634,Pequeno,Verde,Uno de los productos mas vendidos
1689,Grande,Rojo,Sin descripcion
1684,Mediano,Azul,Uno de los productos mas vendidos
3531,Pequeno,Rojo,Uno de los productos mas vendidos
625,Pequeno,Amarillo,Uno de los productos mas vendidos
3631,Grande,Azul,Uno de los productos mas vendidos
1816,Pequeno,Azul,Uno de los productos mas vendidos
1748,Mediano,Violeta,Uno de los productos mas vendidos
1767,Grande,Verde,Uno de los productos mas vendidos
288,Pequeno,Rojo,Uno de los productos mas vendidos
345,Mediano,Amarillo,Uno de los productos mas vendidos
301,Grande,Azul,Sin descripcion
215,Pequeno,Verde,Sin descripcion
1786,Grande,Violeta,Uno de los productos mas vendidos
289,Pequeno,Violeta,Sin descripcion
390,Mediano,Azul,Uno de los productos mas vendidos
789,Grande,Amarillo,Uno de los productos mas vendidos
1851,Grande,Rojo,Sin descripcion
1760,Grande,Violeta,Sin descripcion
440,Grande,Amarillo,Uno de los productos mas vendidos
1843,Mediano,Rojo,Uno de los productos mas vendidos
588,Mediano,Amarillo,Sin descripcion
589,Pequeno,Amarillo,Uno de los productos mas vendidos
462,Pequeno,Amarillo,Uno de los productos mas vendidos
1789,Grande,Azul,Uno de los productos mas vendidos
1707,Mediano,Violeta,Uno de los productos mas vendidos
479,Pequeno,Azul,Uno de los productos mas vendidos
1926,Pequeno,Verde,Uno de los productos mas vendidos
327,Pequeno,Violeta,Uno de los productos mas vendidos
2175,Grande,Rojo,Uno de los productos mas vendidos
1809,Grande,Azul,Uno de los productos mas vendidos
616,Pequeno,Amarillo,Uno de los productos mas vendidos
3486,Pequeno,Violeta,Sin descripcion
1773,Mediano,Verde,Uno de los productos mas vendidos
270,Grande,Rojo,Sin descripcion
534,Mediano,Rojo,Uno de los productos mas vendidos
362,Pequeno,Amarillo,Sin descripcion
1866,Grande,Violeta,Uno de los productos mas vendidos
544,Mediano,Azul,Sin descripcion
1718,Grande,Verde,Sin descripcion
1691,Mediano,Amarillo,Uno de los productos mas vendidos
3510,Mediano,Violeta,Sin descripcion
3483,Grande,Azul,Sin descripcion
101,Grande,Verde,Sin descripcion
1923,Mediano,Amarillo,Sin descripcion
442,Pequeno,Amarillo,Sin descripcion
246,Pequeno,Azul,Uno de los productos mas vendidos
738,Pequeno,Violeta,Sin descripcion
56,Mediano,Verde,Sin descripcion
1897,Grande,Amarillo,Sin descripcion
570,Grande,Rojo,Uno de los productos mas vendidos
1661,Mediano,Rojo,Uno de los productos mas vendidos
298,Mediano,Violeta,Sin descripcion
751,Pequeno,Rojo,Uno de los productos mas vendidos
1625,Pequeno,Azul,Uno de los productos mas vendidos
692,Pequeno,Azul,Uno de los productos mas vendidos
1772,Grande,Amarillo,Uno de los productos mas vendidos
3496,Mediano,Amarillo,Uno de los productos mas vendidos
223,Grande,Violeta,Uno de los productos mas vendidos
161,Mediano,Rojo,Uno de los productos mas vendidos
3596,Pequeno,Rojo,Sin descripcion
3591,Pequeno,Amarillo,Uno de los productos mas vendidos
1793,Grande,Amarillo,Sin descripcion
1755,Grande,Rojo,Uno de los productos mas vendidos
798,Grande,Rojo,Sin descripcion
758,Mediano,Azul,Uno de los productos mas vendidos
237,Mediano,Azul,Sin descripcion
89,Pequeno,Violeta,Uno de los productos mas vendidos
2171,Pequeno,Amarillo,Uno de los productos mas vendidos
690,Mediano,Verde,Sin descripcion
234,Mediano,Rojo,Sin descripcion
1715,Grande,Azul,Sin descripcion
1624,Pequeno,Amarillo,Sin descripcion
168,Mediano,Verde,Uno de los productos mas vendidos
463,Pequeno,Amarillo,Sin descripcion
716,Grande,Verde,Uno de los productos mas vendidos
3481,Mediano,Azul,Sin descripcion
1825,Mediano,Rojo,Uno de los productos mas vendidos
3570,Grande,Violeta,Sin descripcion
3554,Mediano,Violeta,Sin descripcion
2168,Mediano,Amarillo,Sin descripcion
1803,Mediano,Azul,Sin descripcion
554,Mediano,Amarillo,Sin descripcion
1930,Pequeno,Azul,Sin descripcion
329,Mediano,Rojo,Uno de los productos mas vendidos
3564,Pequeno,Azul,Uno de los productos mas vendidos
1827,Pequeno,Rojo,Uno de los productos mas vendidos
144,Grande,Rojo,Sin descripcion
3556,Mediano,Rojo,Uno de los productos mas vendidos
156,Grande,Azul,Sin descripcion
3659,Mediano,Azul,Uno de los productos mas vendidos
658,Grande,Violeta,Uno de los productos mas vendidos
3636,Grande,Violeta,Uno de los productos mas vendidos
512,Pequeno,Amarillo,Sin descripcion
1909,Pequeno,Amarillo,Sin descripcion
3583,Mediano,Rojo,Uno de los productos mas vendidos
1735,Grande,Verde,Sin descripcion
2173,Mediano,Verde,Uno de los productos mas vendidos
170,Pequeno,Amarillo,Uno de los productos mas vendidos
3469,Mediano,Verde,Sin descripcion
3633,Grande,Amarillo,Uno de los productos mas vendidos
1886,Pequeno,Azul,Sin descripcion
606,Grande,Amarillo,Uno de los productos mas vendidos
3629,Mediano,Verde,Sin descripcion
1838,Grande,Violeta,Sin descripcion
1705,Mediano,Verde,Uno de los productos mas vendidos
3622,Grande,Violeta,Sin descripcion
1620,Pequeno,Amarillo,Sin descripcion
3532,Mediano,Verde,Uno de los productos mas vendidos
684,Grande,Amarillo,Sin descripcion
1759,Mediano,Azul,Sin descripcion
3501,Grande,Verde,Uno de los productos mas vendidos
3533,Grande,Rojo,Sin descripcion
583,Pequeno,Verde,Sin descripcion
1912,Mediano,Amarillo,Sin descripcion
3575,Pequeno,Violeta,Uno de los productos mas vendidos
333,Pequeno,Azul,Sin descripcion
1633,Pequeno,Rojo,Sin descripcion
208,Mediano,Rojo,Sin descripcion
396,Grande,Violeta,Sin descripcion
1798,Mediano,Amarillo,Sin descripcion
274,Mediano,Rojo,Sin descripcion
476,Grande,Verde,Sin descripcion
410,Grande,Violeta,Uno de los productos mas vendidos
1791,Grande,Azul,Uno de los productos mas vendidos
478,Pequeno,Azul,Uno de los productos mas vendidos
560,Grande,Amarillo,Sin descripcion
1722,Grande,Rojo,Uno de los productos mas vendidos
3603,Grande,Amarillo,Sin descripcion
1924,Mediano,Rojo,Sin descripcion
1723,Mediano,Verde,Uno de los productos mas vendidos
1940,Grande,Rojo,Uno de los productos mas vendidos
454,Mediano,Amarillo,Sin descripcion
429,Pequeno,Amarillo,Sin descripcion
1641,Grande,Amarillo,Sin descripcion
323,Grande,Rojo,Sin descripcion
1728,Mediano,Verde,Uno de los productos mas vendidos
1839,Pequeno,Verde,Uno de los productos mas vendidos
108,Mediano,Violeta,Uno de los productos mas vendidos
2165,Pequeno,Amarillo,Sin descripcion
164,Mediano,Violeta,Uno de los productos mas vendidos
1713,Pequeno,Rojo,Sin descripcion
3525,Grande,Verde,Uno de los productos mas vendidos
3644,Pequeno,Verde,Sin descripcion
162,Mediano,Azul,Uno de los productos mas vendidos
1738,Grande,Azul,Uno de los productos mas vendidos
1938,Mediano,Rojo,Uno de los productos mas vendidos
3537,Mediano,Azul,Uno de los productos mas vendidos
1867,Pequeno,Azul,Uno de los productos mas vendidos
3520,Grande,Amarillo,Sin descripcion
618,Pequeno,Rojo,Sin descripcion
676,Pequeno,Violeta,Sin descripcion
304,Pequeno,Violeta,Sin descripcion
376,Mediano,Azul,Sin descripcion
1881,Grande,Rojo,Sin descripcion
633,Pequeno,Azul,Uno de los productos mas vendidos
408,Pequeno,Verde,Uno de los productos mas vendidos
3463,Pequeno,Azul,Uno de los productos mas vendidos
1604,Pequeno,Violeta,Sin descripcion
320,Mediano,Amarillo,Uno de los productos mas vendidos
641,Pequeno,Verde,Uno de los productos mas vendidos
1935,Pequeno,Azul,Sin descripcion
720,Pequeno,Amarillo,Uno de los productos mas vendidos
3523,Grande,Violeta,Sin descripcion
1670,Mediano,Amarillo,Sin descripcion
176,Pequeno,Verde,Uno de los productos mas vendidos
3670,Grande,Verde,Sin descripcion
3543,Mediano,Azul,Uno de los productos mas vendidos
413,Mediano,Amarillo,Sin descripcion
80,Grande,Azul,Uno de los productos mas vendidos
1913,Grande,Verde,Sin descripcion
1695,Mediano,Violeta,Uno de los productos mas vendidos
3657,Pequeno,Rojo,Uno de los productos mas vendidos
3515,Pequeno,Verde,Uno de los productos mas vendidos
3489,Grande,Rojo,Sin descripcion
1681,Mediano,Rojo,Uno de los productos mas vendidos
3642,Mediano,Violeta,Sin descripcion
3650,Mediano,Amarillo,Sin descripcion
1654,Grande,Amarillo,Sin descripcion
745,Grande,Azul,Uno de los productos mas vendidos
470,Grande,Azul,Sin descripcion
1804,Pequeno,Verde,Sin descripcion
3608,Mediano,Verde,Sin descripcion
540,Grande,Rojo,Sin descripcion
1939,Pequeno,Amarillo,Uno de los productos mas vendidos
186,Pequeno,Violeta,Uno de los productos mas vendidos
3604,Mediano,Amarillo,Uno de los productos mas vendidos
1606,Grande,Azul,Sin descripcion
444,Grande,Verde,Uno de los productos mas vendidos
300,Mediano,Verde,Sin descripcion
702,Grande,Verde,Uno de los productos mas vendidos
1815,Pequeno,Rojo,Uno de los productos mas vendidos
576,Mediano,Verde,Sin descripcion
1739,Grande,Rojo,Uno de los productos mas vendidos
483,Grande,Violeta,Sin descripcion
3615,Mediano,Azul,Uno de los productos mas vendidos
387,Grande,Rojo,Sin descripcion
1643,Pequeno,Verde,Uno de los productos mas vendidos
1864,Mediano,Azul,Sin descripcion
72,Pequeno,Violeta,Sin descripcion
140,Grande,Violeta,Sin descripcion
1602,Pequeno,Rojo,Sin descripcion
558,Pequeno,Rojo,Uno de los productos mas vendidos
1763,Mediano,Violeta,Uno de los productos mas vendidos
1747,Pequeno,Rojo,Uno de los productos mas vendidos
1873,Grande,Azul,Sin descripcion
202,Grande,Rojo,Uno de los productos mas vendidos
264,Grande,Violeta,Uno de los productos mas vendidos
151,Grande,Amarillo,Sin descripcion
530,Grande,Azul,Sin descripcion
1911,Mediano,Azul,Sin descripcion
611,Pequeno,Rojo,Uno de los productos mas vendidos
1907,Mediano,Azul,Uno de los productos mas vendidos
546,Pequeno,Rojo,Sin descripcion
655,Grande,Azul,Uno de los productos mas vendidos
759,Grande,Violeta,Sin descripcion
1672,Pequeno,Amarillo,Uno de los productos mas vendidos
3607,Pequeno,Amarillo,Uno de los productos mas vendidos
1842,Pequeno,Azul,Sin descripcion
207,Grande,Amarillo,Uno de los productos mas vendidos
474,Pequeno,Violeta,Uno de los productos mas vendidos
662,Grande,Violeta,Sin descripcion
3555,Mediano,Azul,Sin descripcion
310,Pequeno,Amarillo,Sin descripcion
322,Grande,Violeta,Uno de los productos mas vendidos
1726,Grande,Verde,Uno de los productos mas vendidos
167,Pequeno,Verde,Uno de los productos mas vendidos
181,Grande,Verde,Uno de los productos mas vendidos
353,Mediano,Verde,Uno de los productos mas vendidos
3667,Grande,Verde,Sin descripcion
468,Grande,Amarillo,Sin descripcion
533,Pequeno,Azul,Sin descripcion
3645,Pequeno,Violeta,Sin descripcion
3551,Mediano,Azul,Uno de los productos mas vendidos
3580,Grande,Rojo,Sin descripcion
3692,Grande,Verde,Sin descripcion
626,Pequeno,Rojo,Sin descripcion
1609,Pequeno,Amarillo,Uno de los productos mas vendidos
1696,Pequeno,Azul,Sin descripcion
747,Mediano,Verde,Uno de los productos mas vendidos
466,Mediano,Amarillo,Sin descripcion
3612,Pequeno,Verde,Uno de los productos mas vendidos
767,Grande,Rojo,Sin descripcion
673,Grande,Amarillo,Sin descripcion
1891,Mediano,Verde,Sin descripcion
3581,Mediano,Amarillo,Uno de los productos mas vendidos
713,Grande,Violeta,Sin descripcion
484,Grande,Amarillo,Uno de los productos mas vendidos
1669,Grande,Rojo,Uno de los productos mas vendidos
3519,Pequeno,Amarillo,Sin descripcion
482,Pequeno,Violeta,Sin descripcion
518,Mediano,Verde,Uno de los productos mas vendidos
1653,Grande,Verde,Sin descripcion
1947,Grande,Azul,Sin descripcion
431,Pequeno,Rojo,Uno de los productos mas vendidos
192,Grande,Azul,Uno de los productos mas vendidos
1883,Mediano,Violeta,Uno de los productos mas vendidos
1894,Grande,Rojo,Uno de los productos mas vendidos
1703,Pequeno,Rojo,Uno de los productos mas vendidos
3624,Mediano,Violeta,Uno de los productos mas vendidos
1941,Pequeno,Verde,Uno de los productos mas vendidos
3606,Grande,Verde,Uno de los productos mas vendidos
3598,Mediano,Rojo,Uno de los productos mas vendidos
623,Pequeno,Amarillo,Sin descripcion
1729,Mediano,Amarillo,Sin descripcion
3618,Mediano,Rojo,Sin descripcion
3610,Pequeno,Verde,Sin descripcion
1927,Pequeno,Verde,Uno de los productos mas vendidos
3465,Mediano,Violeta,Sin descripcion
3625,Pequeno,Rojo,Uno de los productos mas vendidos
3541,Mediano,Amarillo,Uno de los productos mas vendidos
682,Mediano,Azul,Uno de los productos mas vendidos
531,Mediano,Azul,Sin descripcion
379,Mediano,Rojo,Sin descripcion
1932,Pequeno,Violeta,Uno de los productos mas vendidos
3573,Grande,Azul,Sin descripcion
1613,Mediano,Amarillo,Sin descripcion
644,Mediano,Violeta,Uno de los productos mas vendidos
3460,Grande,Amarillo,Sin descripcion
1872,Mediano,Violeta,Uno de los productos mas vendidos
48,Mediano,Amarillo,Uno de los productos mas vendidos
1607,Pequeno,Rojo,Uno de los productos mas vendidos
251,Mediano,Verde,Uno de los productos mas vendidos
3509,Mediano,Verde,Sin descripcion
1819,Pequeno,Azul,Sin descripcion
3493,Grande,Verde,Uno de los productos mas vendidos
1805,Mediano,Violeta,Sin descripcion
1899,Grande,Verde,Sin descripcion
723,Grande,Amarillo,Uno de los productos mas vendidos
377,Pequeno,Rojo,Uno de los productos mas vendidos
3582,Pequeno,Verde,Sin descripcion
3567,Grande,Azul,Sin descripcion
551,Grande,Amarillo,Uno de los productos mas vendidos
378,Pequeno,Rojo,Uno de los productos mas vendidos
1936,Mediano,Azul,Uno de los productos mas vendidos
220,Pequeno,Violeta,Uno de los productos mas vendidos
1937,Pequeno,Violeta,Sin descripcion
1812,Grande,Violeta,Uno de los productos mas vendidos
97,Grande,Rojo,Uno de los productos mas vendidos
3656,Mediano,Azul,Uno de los productos mas vendidos
3649,Mediano,Violeta,Uno de los productos mas vendidos
1784,Mediano,Violeta,Uno de los productos mas vendidos
584,Grande,Amarillo,Sin descripcion
1852,Pequeno,Violeta,Sin descripcion
257,Grande,Amarillo,Sin descripcion
3658,Mediano,Rojo,Sin descripcion
47,Pequeno,Amarillo,Sin descripcion
1663,Mediano,Rojo,Uno de los productos mas vendidos
481,Mediano,Rojo,Sin descripcion
1895,Grande,Verde,Sin descripcion
83,Pequeno,Violeta,Sin descripcion
3669,Pequeno,Verde,Sin descripcion
1794,Pequeno,Violeta,Uno de los productos mas vendidos
505,Grande,Violeta,Sin descripcion
197,Grande,Verde,Sin descripcion
3609,Grande,Verde,Sin descripcion
748,Grande,Verde,Sin descripcion
1651,Grande,Amarillo,Uno de los productos mas vendidos
290,Pequeno,Violeta,Uno de los productos mas vendidos
632,Mediano,Violeta,Sin descripcion
645,Pequeno,Verde,Uno de los productos mas vendidos
614,Pequeno,Azul,Sin descripcion
1733,Pequeno,Verde,Sin descripcion
3685,Grande,Rojo,Sin descripcion
550,Pequeno,Violeta,Uno de los productos mas vendidos
461,Mediano,Azul,Uno de los productos mas vendidos
1731,Pequeno,Rojo,Sin descripcion
1919,Grande,Amarillo,Uno de los productos mas vendidos
1727,Pequeno,Rojo,Uno de los productos mas vendidos
369,Pequeno,Amarillo,Sin descripcion
3653,Mediano,Amarillo,Uno de los productos mas vendidos
126,Pequeno,Rojo,Sin descripcion
1699,Pequeno,Azul,Sin descripcion
406,Grande,Violeta,Sin descripcion
1914,Grande,Amarillo,Sin descripcion
380,Pequeno,Azul,Uno de los productos mas vendidos
677,Mediano,Verde,Sin descripcion
404,Pequeno,Rojo,Sin descripcion
3565,Mediano,Verde,Sin descripcion
1865,Grande,Rojo,Sin descripcion
1802,Mediano,Violeta,Uno de los productos mas vendidos
68,Pequeno,Rojo,Sin descripcion
537,Grande,Rojo,Uno de los productos mas vendidos
3654,Pequeno,Violeta,Uno de los productos mas vendidos
1719,Pequeno,Violeta,Uno de los productos mas vendidos
423,Pequeno,Rojo,Uno de los productos mas vendidos
191,Mediano,Rojo,Uno de los productos mas vendidos
255,Pequeno,Violeta,Uno de los productos mas vendidos
547,Grande,Verde,Sin descripcion
256,Pequeno,Azul,Uno de los productos mas vendidos
464,Pequeno,Amarillo,Sin descripcion
1901,Grande,Amarillo,Uno de los productos mas vendidos
1783,Mediano,Amarillo,Uno de los productos mas vendidos
640,Pequeno,Violeta,Sin descripcion
3691,Mediano,Rojo,Sin descripcion
799,Pequeno,Azul,Sin descripcion
3503,Pequeno,Verde,Sin descripcion
3530,Pequeno,Verde,Sin descripcion
2166,Mediano,Azul,Uno de los productos mas vendidos
768,Mediano,Violeta,Uno de los productos mas vendidos
1679,Pequeno,Azul,Sin descripcion
1709,Pequeno,Violeta,Uno de los productos mas vendidos
1677,Pequeno,Rojo,Uno de los productos mas vendidos
242,Grande,Verde,Sin descripcion
287,Grande,Rojo,Uno de los productos mas vendidos
253,Pequeno,Azul,Sin descripcion
1882,Mediano,Verde,Sin descripcion
592,Mediano,Verde,Sin descripcion
293,Grande,Rojo,Sin descripcion
86,Pequeno,Verde,Sin descripcion
1880,Mediano,Violeta,Uno de los productos mas vendidos
3594,Grande,Verde,Uno de los productos mas vendidos
3665,Mediano,Rojo,Sin descripcion
195,Pequeno,Azul,Uno de los productos mas vendidos
315,Pequeno,Verde,Sin descripcion
261,Grande,Amarillo,Uno de los productos mas vendidos
2170,Pequeno,Azul,Sin descripcion
1708,Pequeno,Rojo,Uno de los productos mas vendidos
1664,Pequeno,Rojo,Sin descripcion
221,Mediano,Amarillo,Sin descripcion
2174,Pequeno,Amarillo,Sin descripcion
3655,Mediano,Amarillo,Uno de los productos mas vendidos
1659,Mediano,Amarillo,Uno de los productos mas vendidos
3482,Mediano,Rojo,Sin descripcion
1642,Mediano,Amarillo,Sin descripcion
336,Mediano,Rojo,Uno de los productos mas vendidos
499,Grande,Verde,Uno de los productos mas vendidos
325,Grande,Azul,Uno de los productos mas vendidos
729,Mediano,Azul,Uno de los productos mas vendidos
1750,Grande,Rojo,Uno de los productos mas vendidos
1856,Grande,Azul,Uno de los productos mas vendidos
100,Pequeno,Violeta,Uno de los productos mas vendidos
698,Pequeno,Amarillo,Uno de los productos mas vendidos
337,Pequeno,Azul,Sin descripcion
224,Mediano,Verde,Sin descripcion
707,Grande,Verde,Sin descripcion
1714,Pequeno,Verde,Sin descripcion
556,Grande,Azul,Sin descripcion
1863,Grande,Verde,Uno de los productos mas vendidos
1702,Grande,Amarillo,Uno de los productos mas vendidos
149,Pequeno,Verde,Uno de los productos mas vendidos
3498,Pequeno,Rojo,Sin descripcion
92,Grande,Rojo,Uno de los productos mas vendidos
1858,Grande,Violeta,Sin descripcion
357,Pequeno,Azul,Sin descripcion
243,Mediano,Amarillo,Uno de los productos mas vendidos
3534,Grande,Verde,Sin descripcion
559,Mediano,Rojo,Sin descripcion
1761,Mediano,Violeta,Sin descripcion
1636,Grande,Verde,Sin descripcion
776,Mediano,Verde,Sin descripcion
3666,Grande,Azul,Sin descripcion
1781,Pequeno,Violeta,Sin descripcion
141,Pequeno,Rojo,Sin descripcion
94,Mediano,Verde,Sin descripcion
3640,Mediano,Azul,Sin descripcion
1765,Pequeno,Violeta,Uno de los productos mas vendidos
190,Mediano,Amarillo,Sin descripcion
1868,Grande,Violeta,Uno de los productos mas vendidos
1674,Mediano,Verde,Sin descripcion
1890,Mediano,Verde,Uno de los productos mas vendidos
1945,Grande,Amarillo,Sin descripcion
714,Grande,Verde,Sin descripcion
226,Grande,Azul,Uno de los productos mas vendidos
778,Pequeno,Violeta,Uno de los productos mas vendidos
1933,Grande,Rojo,Sin descripcion
1908,Pequeno,Azul,Sin descripcion
557,Pequeno,Azul,Sin descripcion
639,Pequeno,Violeta,Sin descripcion
613,Grande,Azul,Sin descripcion
1796,Mediano,Amarillo,Sin descripcion
1862,Mediano,Rojo,Sin descripcion
183,Grande,Amarillo,Sin descripcion
3553,Pequeno,Verde,Sin descripcion
3637,Grande,Amarillo,Sin descripcion
119,Grande,Verde,Uno de los productos mas vendidos
1854,Mediano,Azul,Uno de los productos mas vendidos
587,Pequeno,Rojo,Sin descripcion
532,Grande,Violeta,Uno de los productos mas vendidos
3488,Pequeno,Rojo,Sin descripcion
1608,Grande,Rojo,Uno de los productos mas vendidos
569,Grande,Violeta,Uno de los productos mas vendidos
782,Pequeno,Violeta,Sin descripcion
1876,Pequeno,Azul,Uno de los productos mas vendidos
510,Grande,Verde,Sin descripcion
610,Mediano,Violeta,Sin descripcion
1686,Grande,Rojo,Sin descripcion
3586,Mediano,Azul,Sin descripcion
3688,Pequeno,Violeta,Sin descripcion
1844,Pequeno,Amarillo,Sin descripcion
448,Pequeno,Azul,Uno de los productos mas vendidos
711,Mediano,Azul,Uno de los productos mas vendidos
1771,Pequeno,Azul,Uno de los productos mas vendidos
3558,Pequeno,Azul,Sin descripcion
1847,Pequeno,Azul,Uno de los productos mas vendidos
372,Grande,Amarillo,Sin descripcion
712,Mediano,Violeta,Uno de los productos mas vendidos
3499,Pequeno,Azul,Uno de los productos mas vendidos
427,Grande,Violeta,Uno de los productos mas vendidos
1870,Mediano,Rojo,Uno de los productos mas vendidos
1698,Grande,Rojo,Uno de los productos mas vendidos
209,Mediano,Verde,Sin descripcion
1749,Grande,Violeta,Uno de los productos mas vendidos
1878,Mediano,Violeta,Sin descripcion
3535,Grande,Amarillo,Uno de los productos mas vendidos
797,Grande,Violeta,Sin descripcion
184,Mediano,Rojo,Sin descripcion
708,Pequeno,Rojo,Uno de los productos mas vendidos
502,Grande,Azul,Sin descripcion
579,Mediano,Verde,Uno de los productos mas vendidos
739,Grande,Amarillo,Sin descripcion
3563,Mediano,Verde,Sin descripcion
3466,Grande,Verde,Sin descripcion
1769,Grande,Azul,Sin descripcion
3458,Mediano,Amarillo,Sin descripcion
109,Pequeno,Rojo,Uno de los productos mas vendidos
580,Pequeno,Rojo,Uno de los productos mas vendidos
1744,Pequeno,Amarillo,Sin descripcion
781,Pequeno,Verde,Sin descripcion
166,Grande,Azul,Uno de los productos mas vendidos
3616,Grande,Rojo,Uno de los productos mas vendidos
1756,Mediano,Amarillo,Uno de los productos mas vendidos
1782,Pequeno,Violeta,Uno de los productos mas vendidos
318,Pequeno,Rojo,Sin descripcion
1730,Grande,Amarillo,Sin descripcion
105,Grande,Verde,Sin descripcion
1710,Pequeno,Rojo,Uno de los productos mas vendidos
660,Grande,Amarillo,Uno de los productos mas vendidos
3579,Mediano,Verde,Sin descripcion
3681,Pequeno,Amarillo,Uno de los productos mas vendidos
3602,Pequeno,Rojo,Uno de los productos mas vendidos
1943,Mediano,Azul,Sin descripcion
675,Pequeno,Amarillo,Sin descripcion
225,Pequeno,Violeta,Sin descripcion
153,Pequeno,Violeta,Sin descripcion
552,Mediano,Rojo,Uno de los productos mas vendidos
1660,Pequeno,Verde,Uno de los productos mas vendidos
574,Pequeno,Verde,Uno de los productos mas vendidos
1614,Grande,Rojo,Sin descripcion
3589,Grande,Verde,Uno de los productos mas vendidos
326,Grande,Verde,Sin descripcion
3638,Pequeno,Violeta,Sin descripcion
281,Pequeno,Azul,Uno de los productos mas vendidos
1917,Mediano,Amarillo,Uno de los productos mas vendidos
3480,Pequeno,Violeta,Sin descripcion
652,Grande,Violeta,Sin descripcion
603,Pequeno,Violeta,Uno de los productos mas vendidos
647,Pequeno,Azul,Uno de los productos mas vendidos
1655,Grande,Amarillo,Sin descripcion
311,Grande,Verde,Sin descripcion
717,Mediano,Amarillo,Sin descripcion
3647,Mediano,Amarillo,Uno de los productos mas vendidos
501,Pequeno,Rojo,Sin descripcion
3620,Grande,Verde,Sin descripcion
1857,Pequeno,Violeta,Uno de los productos mas vendidos
1893,Mediano,Azul,Sin descripcion
1630,Grande,Azul,Uno de los productos mas vendidos
1904,Grande,Azul,Uno de los productos mas vendidos
689,Mediano,Rojo,Sin descripcion
69,Mediano,Azul,Sin descripcion
91,Grande,Amarillo,Uno de los productos mas vendidos
3600,Mediano,Azul,Uno de los productos mas vendidos
219,Grande,Verde,Uno de los productos mas vendidos
3584,Mediano,Rojo,Sin descripcion
687,Grande,Violeta,Sin descripcion
1822,Pequeno,Amarillo,Sin descripcion
1806,Mediano,Rojo,Uno de los productos mas vendidos
1618,Pequeno,Verde,Sin descripcion
601,Pequeno,Rojo,Uno de los productos mas vendidos
1694,Grande,Azul,Uno de los productos mas vendidos
3468,Grande,Violeta,Sin descripcion
1871,Mediano,Verde,Uno de los productos mas vendidos
3663,Mediano,Verde,Uno de los productos mas vendidos
1676,Mediano,Amarillo,Uno de los productos mas vendidos
1753,Grande,Verde,Sin descripcion
121,Mediano,Azul,Sin descripcion
3652,Grande,Verde,Sin descripcion
3513,Grande,Azul,Uno de los productos mas vendidos
651,Pequeno,Rojo,Uno de los productos mas vendidos
324,Mediano,Verde,Uno de los productos mas vendidos
1877,Mediano,Violeta,Sin descripcion
441,Pequeno,Amarillo,Uno de los productos mas vendidos
73,Mediano,Verde,Uno de los productos mas vendidos
3678,Grande,Azul,Sin descripcion
238,Mediano,Violeta,Sin descripcion
519,Grande,Violeta,Sin descripcion
694,Mediano,Azul,Uno de los productos mas vendidos
1859,Mediano,Azul,Sin descripcion
688,Pequeno,Azul,Uno de los productos mas vendidos
792,Grande,Rojo,Sin descripcion
338,Pequeno,Rojo,Uno de los productos mas vendidos
539,Grande,Amarillo,Sin descripcion
665,Mediano,Verde,Sin descripcion
582,Mediano,Verde,Uno de los productos mas vendidos
341,Mediano,Verde,Uno de los productos mas vendidos
1662,Pequeno,Amarillo,Sin descripcion
735,Mediano,Amarillo,Sin descripcion
271,Pequeno,Amarillo,Sin descripcion
760,Pequeno,Amarillo,Uno de los productos mas vendidos
365,Mediano,Azul,Sin descripcion
332,Mediano,Azul,Uno de los productos mas vendidos
386,Mediano,Violeta,Uno de los productos mas vendidos
678,Pequeno,Amarillo,Uno de los productos mas vendidos
1905,Pequeno,Rojo,Uno de los productos mas vendidos
1640,Grande,Rojo,Sin descripcion
158,Pequeno,Azul,Uno de los productos mas vendidos
3643,Grande,Azul,Uno de los productos mas vendidos
459,Grande,Amarillo,Sin descripcion
1639,Pequeno,Azul,Uno de los productos mas vendidos
2169,Pequeno,Rojo,Sin descripcion
3585,Mediano,Violeta,Sin descripcion
447,Pequeno,Azul,Uno de los productos mas vendidos
1903,Mediano,Rojo,Sin descripcion
1790,Pequeno,Violeta,Uno de los productos mas vendidos
445,Mediano,Rojo,Uno de los productos mas vendidos
150,Pequeno,Verde,Uno de los productos mas vendidos
1944,Grande,Rojo,Sin descripcion
241,Grande,Amarillo,Sin descripcion
1788,Pequeno,Azul,Sin descripcion
400,Grande,Rojo,Uno de los productos mas vendidos
124,Mediano,Violeta,Uno de los productos mas vendidos
245,Mediano,Azul,Uno de los productos mas vendidos
548,Mediano,Verde,Uno de los productos mas vendidos
446,Pequeno,Violeta,Sin descripcion
785,Mediano,Verde,Sin descripcion
145,Mediano,Verde,Uno de los productos mas vendidos
504,Grande,Rojo,Sin descripcion
122,Grande,Violeta,Sin descripcion
107,Mediano,Rojo,Uno de los productos mas vendidos
185,Pequeno,Violeta,Uno de los productos mas vendidos
157,Pequeno,Azul,Uno de los productos mas vendidos
549,Mediano,Azul,Sin descripcion
1680,Grande,Verde,Uno de los productos mas vendidos
50,Pequeno,Verde,Uno de los productos mas vendidos
273,Mediano,Rojo,Sin descripcion
418,Pequeno,Rojo,Sin descripcion
1840,Grande,Amarillo,Sin descripcion
411,Pequeno,Rojo,Sin descripcion
3494,Pequeno,Amarillo,Uno de los productos mas vendidos
3514,Grande,Verde,Uno de los productos mas vendidos
435,Pequeno,Amarillo,Sin descripcion
347,Grande,Violeta,Sin descripcion
3599,Grande,Amarillo,Sin descripcion
1634,Grande,Rojo,Uno de los productos mas vendidos
3648,Mediano,Rojo,Sin descripcion
467,Mediano,Violeta,Uno de los productos mas vendidos
263,Grande,Rojo,Uno de los productos mas vendidos
3682,Mediano,Amarillo,Uno de los productos mas vendidos
1792,Grande,Amarillo,Sin descripcion
1603,Grande,Verde,Sin descripcion
1848,Mediano,Verde,Uno de los productos mas vendidos
85,Mediano,Violeta,Uno de los productos mas vendidos
328,Grande,Verde,Sin descripcion
496,Mediano,Amarillo,Uno de los productos mas vendidos
670,Grande,Azul,Uno de los productos mas vendidos
3641,Pequeno,Azul,Uno de los productos mas vendidos
725,Grande,Rojo,Sin descripcion
453,Grande,Amarillo,Uno de los productos mas vendidos
1797,Mediano,Rojo,Sin descripcion
49,Mediano,Violeta,Uno de los productos mas vendidos
146,Grande,Azul,Sin descripcion
381,Grande,Azul,Uno de los productos mas vendidos
321,Mediano,Verde,Sin descripcion
236,Grande,Amarillo,Sin descripcion
1667,Grande,Amarillo,Sin descripcion
3639,Mediano,Violeta,Sin descripcion
1693,Mediano,Amarillo,Sin descripcion
3492,Pequeno,Azul,Sin descripcion
770,Mediano,Violeta,Uno de los productos mas vendidos
3686,Pequeno,Azul,Uno de los productos mas vendidos
666,Mediano,Rojo,Sin descripcion
710,Grande,Violeta,Uno de los productos mas vendidos
1637,Pequeno,Rojo,Sin descripcion
3462,Grande,Rojo,Uno de los productos mas vendidos
624,Mediano,Amarillo,Sin descripcion
1649,Mediano,Rojo,Uno de los productos mas vendidos
175,Pequeno,Azul,Sin descripcion
763,Grande,Azul,Uno de los productos mas vendidos
1808,Grande,Amarillo,Uno de los productos mas vendidos
1678,Grande,Verde,Uno de los productos mas vendidos
1622,Mediano,Verde,Sin descripcion
165,Pequeno,Violeta,Uno de los productos mas vendidos
1616,Grande,Rojo,Uno de los productos mas vendidos
3677,Grande,Violeta,Uno de los productos mas vendidos
796,Grande,Verde,Uno de los productos mas vendidos
415,Mediano,Rojo,Sin descripcion
366,Grande,Amarillo,Uno de los productos mas vendidos
718,Grande,Azul,Uno de los productos mas vendidos
756,Grande,Verde,Uno de los productos mas vendidos
489,Grande,Verde,Sin descripcion
233,Mediano,Violeta,Uno de los productos mas vendidos
133,Pequeno,Rojo,Uno de los productos mas vendidos
564,Grande,Violeta,Sin descripcion
733,Pequeno,Rojo,Sin descripcion
590,Pequeno,Violeta,Sin descripcion
3588,Grande,Azul,Uno de los productos mas vendidos
342,Mediano,Rojo,Uno de los productos mas vendidos
308,Pequeno,Verde,Uno de los productos mas vendidos
3557,Mediano,Verde,Sin descripcion
1921,Pequeno,Amarillo,Sin descripcion
1644,Mediano,Verde,Sin descripcion
653,Grande,Rojo,Uno de los productos mas vendidos
1900,Grande,Amarillo,Uno de los productos mas vendidos
513,Mediano,Azul,Sin descripcion
3614,Mediano,Verde,Sin descripcion
775,Mediano,Violeta,Uno de los productos mas vendidos
1845,Grande,Verde,Sin descripcion
352,Mediano,Violeta,Sin descripcion
730,Mediano,Amarillo,Sin descripcion
585,Grande,Azul,Sin descripcion
1869,Mediano,Verde,Sin descripcion
98,Grande,Violeta,Uno de los productos mas vendidos
3524,Grande,Violeta,Uno de los productos mas vendidos
154,Pequeno,Violeta,Sin descripcion
235,Mediano,Amarillo,Uno de los productos mas vendidos
1652,Grande,Rojo,Sin descripcion
620,Grande,Rojo,Sin descripcion
700,Pequeno,Azul,Sin descripcion
3562,Mediano,Verde,Sin descripcion
147,Pequeno,Rojo,Sin descripcion
493,Pequeno,Azul,Sin descripcion
525,Mediano,Rojo,Sin descripcion
111,Pequeno,Rojo,Sin descripcion
1824,Mediano,Violeta,Sin descripcion
120,Mediano,Rojo,Sin descripcion
206,Pequeno,Azul,Sin descripcion
258,Grande,Verde,Sin descripcion
731,Mediano,Violeta,Sin descripcion
541,Mediano,Verde,Sin descripcion
619,Grande,Violeta,Uno de los productos mas vendidos
179,Pequeno,Amarillo,Sin descripcion
193,Grande,Verde,Sin descripcion
178,Mediano,Violeta,Sin descripcion
719,Mediano,Violeta,Sin descripcion
629,Grande,Amarillo,Sin descripcion
1918,Pequeno,Verde,Sin descripcion
3595,Pequeno,Violeta,Sin descripcion
1724,Pequeno,Rojo,Sin descripcion
596,Grande,Verde,Uno de los productos mas vendidos
1743,Mediano,Verde,Uno de los productos mas vendidos
704,Pequeno,Rojo,Uno de los productos mas vendidos
403,Mediano,Violeta,Sin descripcion
3529,Mediano,Amarillo,Sin descripcion
1700,Pequeno,Violeta,Uno de los productos mas vendidos
1648,Grande,Amarillo,Uno de los productos mas vendidos
656,Mediano,Rojo,Sin descripcion
1768,Mediano,Verde,Uno de los productos mas vendidos
1615,Mediano,Violeta,Sin descripcion
1721,Grande,Verde,Sin descripcion
128,Pequeno,Rojo,Sin descripcion
1846,Pequeno,Rojo,Uno de los productos mas vendidos
247,Mediano,Rojo,Sin descripcion
265,Pequeno,Rojo,Sin descripcion
572,Grande,Violeta,Sin descripcion
229,Pequeno,Verde,Sin descripcion
67,Pequeno,Rojo,Uno de los productos mas vendidos
475,Mediano,Verde,Uno de los productos mas vendidos
359,Pequeno,Rojo,Sin descripcion
53,Grande,Verde,Sin descripcion
488,Pequeno,Verde,Sin descripcion
1617,Pequeno,Verde,Uno de los productos mas vendidos
394,Pequeno,Rojo,Uno de los productos mas vendidos
1627,Grande,Verde,Sin descripcion
1774,Pequeno,Violeta,Uno de los productos mas vendidos
370,Pequeno,Azul,Uno de los productos mas vendidos
1668,Grande,Violeta,Sin descripcion
1779,Pequeno,Verde,Sin descripcion
577,Pequeno,Azul,Uno de los productos mas vendidos
506,Grande,Rojo,Uno de los productos mas vendidos
494,Grande,Rojo,Sin descripcion
70,Pequeno,Violeta,Sin descripcion
765,Mediano,Azul,Uno de los productos mas vendidos
604,Grande,Amarillo,Uno de los productos mas vendidos
88,Pequeno,Verde,Uno de los productos mas vendidos
1820,Grande,Violeta,Uno de los productos mas vendidos
3500,Grande,Rojo,Uno de los productos mas vendidos
3464,Grande,Rojo,Uno de los productos mas vendidos
536,Grande,Rojo,Sin descripcion
393,Pequeno,Amarillo,Uno de los productos mas vendidos
1861,Grande,Verde,Sin descripcion
78,Pequeno,Rojo,Sin descripcion
520,Mediano,Violeta,Uno de los productos mas vendidos
2167,Mediano,Amarillo,Uno de los productos mas vendidos
1799,Grande,Azul,Uno de los productos mas vendidos
1628,Pequeno,Azul,Sin descripcion
1657,Grande,Rojo,Uno de los productos mas vendidos
335,Grande,Rojo,Sin descripcion
135,Grande,Verde,Sin descripcion
742,Mediano,Verde,Sin descripcion
1821,Mediano,Amarillo,Uno de los productos mas vendidos
802,Pequeno,Azul,Sin descripcion
3651,Grande,Azul,Sin descripcion
64,Mediano,Amarillo,Uno de los productos mas vendidos
1780,Pequeno,Azul,Uno de los productos mas vendidos
360,Pequeno,Verde,Uno de los productos mas vendidos
3628,Pequeno,Amarillo,Sin descripcion
277,Grande,Rojo,Uno de los productos mas vendidos
750,Pequeno,Rojo,Sin descripcion
148,Mediano,Amarillo,Sin descripcion
252,Pequeno,Amarillo,Sin descripcion
450,Mediano,Azul,Sin descripcion
638,Grande,Verde,Uno de los productos mas vendidos
3668,Mediano,Rojo,Sin descripcion
591,Mediano,Violeta,Sin descripcion
1711,Pequeno,Amarillo,Uno de los productos mas vendidos
674,Pequeno,Verde,Sin descripcion
172,Pequeno,Azul,Sin descripcion
1888,Pequeno,Azul,Uno de los productos mas vendidos
58,Mediano,Rojo,Sin descripcion
491,Mediano,Rojo,Sin descripcion
96,Mediano,Azul,Uno de los productos mas vendidos
1666,Pequeno,Violeta,Sin descripcion
3577,Mediano,Violeta,Uno de los productos mas vendidos
3517,Grande,Azul,Uno de los productos mas vendidos
3578,Grande,Rojo,Sin descripcion
535,Pequeno,Amarillo,Uno de los productos mas vendidos
66,Pequeno,Azul,Uno de los productos mas vendidos
779,Grande,Rojo,Sin descripcion
388,Mediano,Rojo,Uno de los productos mas vendidos
1875,Mediano,Rojo,Sin descripcion
3542,Mediano,Verde,Uno de los productos mas vendidos
685,Pequeno,Amarillo,Uno de los productos mas vendidos
754,Grande,Amarillo,Sin descripcion
383,Grande,Amarillo,Uno de los productos mas vendidos
1835,Mediano,Azul,Sin descripcion
250,Mediano,Verde,Sin descripcion
769,Pequeno,Azul,Uno de los productos mas vendidos
721,Grande,Rojo,Sin descripcion
3536,Grande,Violeta,Sin descripcion
631,Pequeno,Azul,Uno de los productos mas vendidos
399,Grande,Amarillo,Sin descripcion
1647,Mediano,Verde,Uno de los productos mas vendidos
659,Grande,Azul,Sin descripcion
1638,Mediano,Rojo,Uno de los productos mas vendidos
1831,Mediano,Verde,Uno de los productos mas vendidos
542,Pequeno,Azul,Uno de los productos mas vendidos
174,Pequeno,Rojo,Sin descripcion
303,Pequeno,Violeta,Sin descripcion
3626,Mediano,Verde,Uno de los productos mas vendidos
375,Pequeno,Violeta,Uno de los productos mas vendidos
194,Mediano,Amarillo,Uno de los productos mas vendidos
254,Grande,Azul,Sin descripcion
517,Grande,Rojo,Sin descripcion
187,Mediano,Violeta,Uno de los productos mas vendidos
436,Pequeno,Violeta,Sin descripcion
1716,Pequeno,Violeta,Sin descripcion
3491,Mediano,Rojo,Sin descripcion
382,Mediano,Rojo,Uno de los productos mas vendidos
344,Grande,Rojo,Sin descripcion
1800,Pequeno,Verde,Sin descripcion
593,Mediano,Azul,Sin descripcion
516,Pequeno,Violeta,Uno de los productos mas vendidos
1635,Pequeno,Verde,Sin descripcion
3679,Grande,Azul,Uno de los productos mas vendidos
244,Mediano,Violeta,Sin descripcion
1671,Pequeno,Violeta,Uno de los productos mas vendidos
203,Pequeno,Amarillo,Sin descripcion
3684,Pequeno,Rojo,Uno de los productos mas vendidos
3561,Grande,Verde,Uno de los productos mas vendidos
703,Pequeno,Verde,Uno de los productos mas vendidos
294,Pequeno,Violeta,Uno de los productos mas vendidos
395,Grande,Amarillo,Uno de los productos mas vendidos
188,Grande,Amarillo,Uno de los productos mas vendidos
627,Pequeno,Amarillo,Uno de los productos mas vendidos
649,Grande,Violeta,Uno de los productos mas vendidos
228,Mediano,Rojo,Sin descripcion
3619,Mediano,Rojo,Sin descripcion
3571,Mediano,Amarillo,Uno de los productos mas vendidos
142,Mediano,Verde,Sin descripcion
566,Grande,Azul,Sin descripcion
412,Grande,Verde,Uno de los productos mas vendidos
117,Pequeno,Violeta,Sin descripcion
458,Pequeno,Rojo,Sin descripcion
705,Grande,Azul,Uno de los productos mas vendidos
3660,Grande,Amarillo,Uno de los productos mas vendidos
367,Mediano,Verde,Uno de los productos mas vendidos
1929,Pequeno,Violeta,Uno de los productos mas vendidos
3627,Grande,Verde,Uno de los productos mas vendidos
457,Pequeno,Amarillo,Uno de los productos mas vendidos
755,Pequeno,Amarillo,Sin descripcion
3673,Pequeno,Verde,Sin descripcion
189,Mediano,Azul,Sin descripcion
434,Pequeno,Rojo,Sin descripcion
3479,Pequeno,Rojo,Uno de los productos mas vendidos
443,Grande,Violeta,Sin descripcion
54,Mediano,Amarillo,Sin descripcion
595,Pequeno,Rojo,Uno de los productos mas vendidos
477,Pequeno,Amarillo,Uno de los productos mas vendidos
1682,Mediano,Violeta,Sin descripcion
575,Pequeno,Violeta,Uno de los productos mas vendidos
732,Grande,Violeta,Uno de los productos mas vendidos
302,Grande,Azul,Uno de los productos mas vendidos
424,Mediano,Violeta,Uno de los productos mas vendidos
355,Mediano,Amarillo,Uno de los productos mas vendidos
527,Pequeno,Azul,Uno de los productos mas vendidos
787,Pequeno,Rojo,Uno de los productos mas vendidos
1836,Pequeno,Verde,Uno de los productos mas vendidos
397,Pequeno,Rojo,Uno de los productos mas vendidos
82,Grande,Verde,Uno de los productos mas vendidos
602,Mediano,Verde,Uno de los productos mas vendidos
1626,Pequeno,Verde,Uno de los productos mas vendidos
617,Pequeno,Azul,Sin descripcion
715,Grande,Violeta,Sin descripcion
279,Grande,Azul,Uno de los productos mas vendidos
1841,Grande,Violeta,Sin descripcion
163,Grande,Azul,Sin descripcion
622,Pequeno,Azul,Uno de los productos mas vendidos
1619,Pequeno,Violeta,Uno de los productos mas vendidos
1928,Grande,Azul,Sin descripcion
87,Grande,Verde,Sin descripcion
1795,Pequeno,Rojo,Sin descripcion
60,Mediano,Rojo,Sin descripcion
1850,Mediano,Rojo,Sin descripcion
663,Grande,Azul,Sin descripcion
75,Mediano,Violeta,Sin descripcion
567,Pequeno,Violeta,Sin descripcion
671,Grande,Rojo,Uno de los productos mas vendidos
594,Pequeno,Amarillo,Sin descripcion
316,Pequeno,Verde,Uno de los productos mas vendidos
1898,Pequeno,Verde,Sin descripcion
485,Mediano,Rojo,Uno de los productos mas vendidos
137,Mediano,Amarillo,Uno de los productos mas vendidos
657,Mediano,Amarillo,Uno de los productos mas vendidos
722,Grande,Azul,Uno de los productos mas vendidos
3476,Pequeno,Azul,Uno de los productos mas vendidos
628,Grande,Rojo,Uno de los productos mas vendidos
3504,Grande,Azul,Sin descripcion
428,Pequeno,Violeta,Sin descripcion
3544,Grande,Amarillo,Sin descripcion
1623,Grande,Amarillo,Sin descripcion
74,Grande,Amarillo,Uno de los productos mas vendidos
422,Mediano,Rojo,Sin descripcion
599,Pequeno,Rojo,Uno de los productos mas vendidos
634,Pequeno,Violeta,Sin descripcion
62,Pequeno,Verde,Uno de los productos mas vendidos
3474,Pequeno,Verde,Uno de los productos mas vendidos
757,Pequeno,Rojo,Sin descripcion
581,Mediano,Azul,Sin descripcion
1785,Mediano,Rojo,Uno de los productos mas vendidos
152,Grande,Amarillo,Uno de los productos mas vendidos
3545,Grande,Azul,Sin descripcion
600,Pequeno,Azul,Uno de los productos mas vendidos
545,Pequeno,Rojo,Sin descripcion
1830,Mediano,Violeta,Uno de los productos mas vendidos
420,Pequeno,Amarillo,Uno de los productos mas vendidos
650,Mediano,Rojo,Sin descripcion
340,Grande,Amarillo,Sin descripcion
1834,Mediano,Violeta,Uno de los productos mas vendidos
262,Mediano,Violeta,Sin descripcion
123,Pequeno,Verde,Uno de los productos mas vendidos
607,Grande,Rojo,Sin descripcion
3690,Grande,Azul,Uno de los productos mas vendidos
514,Grande,Amarillo,Uno de los productos mas vendidos
471,Grande,Violeta,Uno de los productos mas vendidos
736,Pequeno,Verde,Sin descripcion
1690,Mediano,Amarillo,Uno de los productos mas vendidos
232,Mediano,Azul,Sin descripcion
286,Mediano,Rojo,Uno de los productos mas vendidos
198,Pequeno,Rojo,Sin descripcion
1645,Pequeno,Amarillo,Uno de los productos mas vendidos
213,Grande,Amarillo,Uno de los productos mas vendidos
307,Pequeno,Rojo,Sin descripcion
696,Mediano,Azul,Uno de los productos mas vendidos
93,Grande,Azul,Sin descripcion
597,Pequeno,Verde,Sin descripcion
3526,Pequeno,Azul,Uno de los productos mas vendidos
239,Grande,Azul,Uno de los productos mas vendidos
498,Mediano,Verde,Uno de los productos mas vendidos
3484,Mediano,Violeta,Uno de los productos mas vendidos
169,Grande,Rojo,Uno de los productos mas vendidos
106,Mediano,Rojo,Uno de los productos mas vendidos
212,Grande,Verde,Uno de los productos mas vendidos
354,Mediano,Amarillo,Sin descripcion
407,Grande,Amarillo,Uno de los productos mas vendidos
1814,Pequeno,Verde,Uno de los productos mas vendidos
561,Pequeno,Verde,Uno de los productos mas vendidos
65,Mediano,Verde,Uno de los productos mas vendidos
555,Mediano,Verde,Sin descripcion
615,Mediano,Amarillo,Uno de los productos mas vendidos
200,Pequeno,Rojo,Uno de los productos mas vendidos
543,Pequeno,Verde,Sin descripcion
669,Grande,Amarillo,Uno de los productos mas vendidos
134,Grande,Violeta,Uno de los productos mas vendidos
3566,Pequeno,Verde,Sin descripcion
508,Pequeno,Rojo,Sin descripcion
305,Grande,Rojo,Sin descripcion
210,Grande,Verde,Sin descripcion
1706,Mediano,Azul,Uno de los productos mas vendidos
1632,Mediano,Amarillo,Sin descripcion
667,Grande,Azul,Sin descripcion
373,Pequeno,Amarillo,Sin descripcion
358,Mediano,Violeta,Uno de los productos mas vendidos
127,Grande,Verde,Uno de los productos mas vendidos
795,Pequeno,Azul,Uno de los productos mas vendidos
267,Mediano,Azul,Sin descripcion
405,Pequeno,Rojo,Uno de los productos mas vendidos
515,Mediano,Violeta,Uno de los productos mas vendidos
125,Mediano,Rojo,Sin descripcion
794,Pequeno,Azul,Sin descripcion
630,Pequeno,Rojo,Uno de los productos mas vendidos
438,Mediano,Amarillo,Uno de los productos mas vendidos
661,Mediano,Violeta,Uno de los productos mas vendidos
3518,Pequeno,Verde,Uno de los productos mas vendidos
334,Mediano,Azul,Sin descripcion
773,Pequeno,Verde,Sin descripcion
361,Grande,Azul,Sin descripcion
312,Mediano,Verde,Uno de los productos mas vendidos
84,Mediano,Rojo,Sin descripcion
764,Mediano,Verde,Uno de los productos mas vendidos
1775,Mediano,Violeta,Sin descripcion
384,Mediano,Rojo,Sin descripcion
439,Pequeno,Azul,Uno de los productos mas vendidos
621,Grande,Violeta,Uno de los productos mas vendidos
3477,Mediano,Verde,Sin descripcion
113,Grande,Amarillo,Uno de los productos mas vendidos
240,Pequeno,Violeta,Uno de los productos mas vendidos
553,Mediano,Azul,Sin descripcion
490,Mediano,Amarillo,Sin descripcion
456,Pequeno,Azul,Sin descripcion
683,Grande,Azul,Sin descripcion
81,Grande,Violeta,Sin descripcion
57,Mediano,Verde,Sin descripcion
314,Grande,Rojo,Uno de los productos mas vendidos
313,Pequeno,Rojo,Uno de los productos mas vendidos
371,Pequeno,Rojo,Sin descripcion
609,Pequeno,Violeta,Uno de los productos mas vendidos
3693,Pequeno,Verde,Uno de los productos mas vendidos
3512,Mediano,Verde,Uno de los productos mas vendidos
282,Mediano,Amarillo,Sin descripcion
1675,Pequeno,Verde,Uno de los productos mas vendidos
1631,Pequeno,Azul,Sin descripcion
3568,Mediano,Rojo,Uno de los productos mas vendidos
791,Mediano,Verde,Sin descripcion
275,Pequeno,Verde,Sin descripcion
1752,Grande,Verde,Uno de los productos mas vendidos
351,Mediano,Azul,Sin descripcion
762,Grande,Rojo,Uno de los productos mas vendidos
771,Grande,Verde,Uno de los productos mas vendidos
1658,Grande,Violeta,Sin descripcion
586,Mediano,Amarillo,Sin descripcion
780,Grande,Rojo,Uno de los productos mas vendidos
138,Pequeno,Azul,Uno de los productos mas vendidos
63,Grande,Azul,Uno de los productos mas vendidos
1611,Mediano,Verde,Uno de los productos mas vendidos
136,Mediano,Azul,Uno de los productos mas vendidos
385,Mediano,Azul,Sin descripcion
726,Mediano,Rojo,Sin descripcion
432,Mediano,Rojo,Uno de los productos mas vendidos
159,Mediano,Amarillo,Uno de los productos mas vendidos
292,Pequeno,Amarillo,Uno de los productos mas vendidos
319,Pequeno,Amarillo,Uno de los productos mas vendidos
269,Grande,Amarillo,Uno de los productos mas vendidos
416,Grande,Violeta,Sin descripcion
433,Grande,Azul,Uno de los productos mas vendidos
284,Grande,Amarillo,Uno de los productos mas vendidos
646,Pequeno,Rojo,Uno de los productos mas vendidos
772,Pequeno,Azul,Sin descripcion
522,Mediano,Azul,Uno de los productos mas vendidos
1646,Mediano,Amarillo,Uno de los productos mas vendidos
421,Mediano,Azul,Sin descripcion
1610,Grande,Amarillo,Sin descripcion
143,Pequeno,Verde,Uno de los productos mas vendidos
3587,Grande,Azul,Uno de los productos mas vendidos
706,Grande,Verde,Sin descripcion
180,Grande,Rojo,Sin descripcion
218,Pequeno,Violeta,Sin descripcion
268,Pequeno,Rojo,Uno de los productos mas vendidos
1717,Grande,Verde,Sin descripcion
528,Mediano,Violeta,Sin descripcion
79,Grande,Violeta,Sin descripcion
691,Pequeno,Verde,Sin descripcion
695,Pequeno,Violeta,Uno de los productos mas vendidos
538,Pequeno,Violeta,Uno de los productos mas vendidos
417,Mediano,Azul,Uno de los productos mas vendidos
3552,Mediano,Amarillo,Uno de los productos mas vendidos
637,Mediano,Amarillo,Uno de los productos mas vendidos
752,Pequeno,Amarillo,Sin descripcion
664,Pequeno,Rojo,Uno de los productos mas vendidos
291,Pequeno,Violeta,Uno de los productos mas vendidos
299,Mediano,Amarillo,Sin descripcion
766,Grande,Verde,Uno de los productos mas vendidos
283,Mediano,Azul,Uno de los productos mas vendidos
793,Mediano,Verde,Sin descripcion
1656,Pequeno,Amarillo,Uno de los productos mas vendidos
285,Mediano,Verde,Sin descripcion
103,Pequeno,Amarillo,Sin descripcion
783,Grande,Amarillo,Uno de los productos mas vendidos
102,Grande,Amarillo,Uno de los productos mas vendidos
648,Mediano,Violeta,Uno de los productos mas vendidos
201,Pequeno,Violeta,Sin descripcion
110,Grande,Rojo,Uno de los productos mas vendidos
129,Mediano,Rojo,Uno de los productos mas vendidos
248,Mediano,Rojo,Sin descripcion
3539,Mediano,Verde,Sin descripcion
3689,Mediano,Azul,Uno de los productos mas vendidos
77,Mediano,Rojo,Sin descripcion
130,Pequeno,Rojo,Sin descripcion
503,Grande,Amarillo,Sin descripcion
727,Mediano,Violeta,Sin descripcion
297,Mediano,Azul,Sin descripcion
155,Pequeno,Amarillo,Sin descripcion
266,Grande,Verde,Sin descripcion
295,Mediano,Amarillo,Sin descripcion
737,Pequeno,Azul,Uno de los productos mas vendidos
790,Pequeno,Violeta,Uno de los productos mas vendidos
425,Mediano,Verde,Uno de los productos mas vendidos
734,Mediano,Verde,Sin descripcion
278,Grande,Azul,Sin descripcion
740,Grande,Verde,Sin descripcion
568,Mediano,Verde,Uno de los productos mas vendidos
349,Pequeno,Violeta,Sin descripcion
61,Mediano,Verde,Uno de los productos mas vendidos
487,Grande,Verde,Uno de los productos mas vendidos
231,Pequeno,Violeta,Sin descripcion
160,Mediano,Amarillo,Uno de los productos mas vendidos
521,Grande,Rojo,Sin descripcion
3687,Pequeno,Amarillo,Uno de los productos mas vendidos
339,Mediano,Verde,Sin descripcion
746,Grande,Verde,Sin descripcion
562,Mediano,Verde,Sin descripcion
104,Pequeno,Rojo,Uno de los productos mas vendidos
460,Grande,Violeta,Uno de los productos mas vendidos
511,Mediano,Amarillo,Sin descripcion
473,Pequeno,Rojo,Uno de los productos mas vendidos
693,Grande,Violeta,Sin descripcion
1612,Grande,Verde,Sin descripcion
612,Pequeno,Amarillo,Sin descripcion
330,Grande,Rojo,Uno de los productos mas vendidos
744,Mediano,Violeta,Sin descripcion
643,Mediano,Violeta,Uno de los productos mas vendidos
280,Mediano,Amarillo,Uno de los productos mas vendidos
205,Grande,Rojo,Uno de los productos mas vendidos
211,Pequeno,Rojo,Sin descripcion
449,Pequeno,Azul,Uno de los productos mas vendidos
99,Pequeno,Amarillo,Sin descripcion
227,Mediano,Rojo,Uno de los productos mas vendidos
480,Grande,Rojo,Sin descripcion
196,Mediano,Rojo,Uno de los productos mas vendidos
414,Pequeno,Azul,Uno de los productos mas vendidos
95,Grande,Azul,Uno de los productos mas vendidos
171,Mediano,Verde,Uno de los productos mas vendidos
1621,Grande,Verde,Sin descripcion
774,Grande,Verde,Sin descripcion
214,Grande,Rojo,Sin descripcion
112,Mediano,Rojo,Uno de los productos mas vendidos
55,Pequeno,Rojo,Sin descripcion
368,Mediano,Violeta,Uno de los productos mas vendidos
699,Pequeno,Azul,Sin descripcion
472,Mediano,Rojo,Sin descripcion
182,Pequeno,Azul,Uno de los productos mas vendidos
317,Mediano,Verde,Sin descripcion
608,Grande,Violeta,Sin descripcion
217,Mediano,Amarillo,Sin descripcion
486,Pequeno,Violeta,Uno de los productos mas vendidos
343,Mediano,Azul,Uno de los productos mas vendidos
132,Grande,Verde,Uno de los productos mas vendidos
495,Mediano,Amarillo,Uno de los productos mas vendidos
563,Grande,Rojo,Uno de los productos mas vendidos
573,Grande,Azul,Uno de los productos mas vendidos
401,Pequeno,Violeta,Uno de los productos mas vendidos
364,Mediano,Azul,Sin descripcion
469,Pequeno,Rojo,Sin descripcion
761,Mediano,Verde,Sin descripcion
681,Pequeno,Rojo,Uno de los productos mas vendidos
492,Grande,Azul,Sin descripcion
452,Mediano,Amarillo,Sin descripcion
350,Mediano,Violeta,Uno de los productos mas vendidos
259,Mediano,Violeta,Sin descripcion
497,Grande,Amarillo,Uno de los productos mas vendidos
115,Grande,Rojo,Sin descripcion
173,Pequeno,Verde,Sin descripcion
709,Mediano,Verde,Uno de los productos mas vendidos
204,Mediano,Violeta,Sin descripcion
