id,dimensiones,material,carga
1511,6x7x1,Madera,13
2755,5x5x6,Reciclado,43
2879,8x2x10,Plastico,31
2800,9x6x3,Organico,15
2474,8x1x6,Organico,11
2231,5x3x2,Organico,21
2077,1x4x7,Reciclado,23
1989,6x10x3,Reciclado,15
2419,5x1x9,Plastico,38
2750,3x8x5,Madera,30
2023,5x7x2,Reciclado,36
2581,1x1x10,Madera,46
3223,2x4x6,Organico,23
2113,3x3x4,Organico,16
2550,10x4x8,Plastico,22
2874,6x6x3,Madera,49
2459,1x8x6,Organico,6
3292,2x2x7,Reciclado,12
2664,7x7x3,Plastico,20
2086,10x6x3,Reciclado,10
2853,4x3x10,Madera,16
1964,5x7x5,Madera,15
2288,10x5x1,Organico,19
3218,10x7x8,Reciclado,13
3020,2x5x10,Madera,42
9,1x1x7,Organico,12
3335,6x8x5,Reciclado,26
2222,7x8x2,Madera,9
2589,5x6x7,Plastico,28
2511,10x5x4,Plastico,3
1010,5x10x1,Plastico,6
2970,4x5x4,Madera,12
2194,5x9x4,Organico,33
2470,1x7x9,Organico,41
2243,4x4x2,Reciclado,3
1970,1x7x10,Plastico,34
1314,3x2x6,Plastico,18
2114,8x10x1,Plastico,46
2712,8x9x6,Madera,13
2733,4x4x4,Organico,10
2900,3x8x9,Madera,34
42,4x5x3,Madera,2
2520,8x9x8,Plastico,41
2655,3x2x7,Madera,27
2753,9x5x9,Reciclado,42
2871,9x6x4,Reciclado,21
2488,3x5x1,Plastico,36
2438,5x6x1,Organico,37
2765,9x9x8,Madera,20
2894,6x3x2,Reciclado,12
817,5x10x2,Reciclado,47
3047,8x3x10,Madera,42
806,9x10x1,Reciclado,50
2631,2x2x1,Madera,39
2460,7x7x6,Madera,43
2382,3x7x8,Reciclado,48
2264,2x7x9,Organico,49
2626,1x8x9,Reciclado,3
3393,4x4x5,Organico,49
1072,1x2x9,Plastico,1
2016,1x5x10,Organico,18
2675,10x1x6,Reciclado,31
3392,3x5x6,Madera,29
945,6x8x1,Madera,50
3183,1x8x9,Plastico,48
3316,9x4x6,Madera,38
2616,10x10x1,Madera,19
2649,4x9x5,Madera,12
1203,9x8x4,Plastico,24
3340,1x5x3,Madera,2
3380,5x5x1,Reciclado,1
2117,7x5x1,Plastico,18
2370,4x4x3,Organico,13
891,8x3x8,Madera,37
3334,5x10x5,Madera,27
1530,4x8x3,Organico,47
1383,7x1x4,Reciclado,33
2015,1x5x9,Plastico,34
2237,9x1x8,Plastico,33
2512,3x3x4,Madera,33
3050,4x4x10,Plastico,39
2116,10x6x4,Reciclado,4
2414,9x3x10,Plastico,40
2185,1x5x7,Reciclado,44
2007,6x10x2,Reciclado,15
2901,7x8x5,Plastico,43
2681,4x3x5,Organico,18
3201,8x9x7,Madera,41
3151,8x10x7,Reciclado,35
2325,9x3x10,Organico,43
2872,5x5x2,Reciclado,4
2651,4x7x8,Reciclado,10
1479,9x6x3,Organico,45
2828,8x9x2,Reciclado,45
1444,4x2x5,Reciclado,7
3287,3x3x8,Reciclado,24
2033,3x9x6,Organico,30
2794,8x9x9,Plastico,26
2903,5x2x9,Madera,48
2297,9x8x7,Organico,41
2556,6x9x8,Plastico,33
2918,10x7x4,Madera,11
1994,2x1x7,Reciclado,43
2412,3x7x5,Madera,15
2642,7x8x3,Organico,10
1321,8x10x7,Reciclado,16
2014,5x3x9,Plastico,11
3075,6x3x1,Organico,39
2371,4x10x8,Madera,25
2715,8x3x9,Plastico,34
2563,8x6x2,Organico,43
3217,10x9x7,Reciclado,21
2697,6x8x1,Organico,11
2072,9x1x5,Reciclado,35
3109,10x1x5,Reciclado,1
3295,4x6x7,Plastico,25
1025,7x4x2,Reciclado,37
2305,7x3x6,Plastico,43
2791,8x5x8,Reciclado,42
2548,4x7x3,Organico,26
936,8x2x7,Plastico,44
3457,9x2x8,Organico,10
3090,5x8x6,Plastico,20
828,5x4x9,Madera,15
1552,1x10x4,Plastico,23
1260,2x4x9,Organico,37
2272,10x4x1,Madera,41
2302,8x5x4,Organico,37
3453,6x1x3,Reciclado,39
979,4x5x2,Madera,13
2531,1x6x2,Madera,2
2751,9x3x9,Plastico,38
2137,3x4x8,Organico,1
953,2x8x9,Plastico,41
2844,7x1x7,Organico,50
1301,3x5x2,Organico,32
3348,5x8x1,Madera,12
3452,6x4x3,Madera,24
2413,2x2x3,Plastico,41
2107,4x1x2,Organico,13
1173,7x1x10,Organico,13
2521,4x3x9,Plastico,13
2472,2x6x10,Reciclado,44
1456,10x6x9,Plastico,8
2873,4x4x10,Reciclado,2
1959,3x1x5,Madera,27
1291,9x2x8,Reciclado,38
3121,9x1x9,Madera,24
2961,8x5x3,Madera,38
1369,3x2x3,Plastico,2
1329,4x9x5,Reciclado,25
2510,5x9x7,Reciclado,20
2343,5x6x3,Organico,25
2861,9x8x8,Reciclado,14
3443,10x6x4,Madera,10
3031,4x1x3,Organico,8
2064,8x2x7,Madera,10
3160,10x1x6,Plastico,25
3377,3x6x4,Madera,47
3133,1x10x4,Reciclado,40
2289,6x3x7,Organico,5
3447,10x5x7,Plastico,34
2822,8x2x1,Plastico,1
3046,4x8x10,Reciclado,32
831,4x8x6,Plastico,9
2311,5x6x8,Madera,47
2417,8x7x10,Plastico,31
2915,6x3x3,Plastico,46
2640,7x5x4,Plastico,26
2501,9x6x2,Reciclado,15
3250,8x6x10,Plastico,5
3322,1x6x7,Organico,11
2734,5x4x5,Organico,42
2299,1x4x10,Madera,46
3423,2x3x4,Reciclado,42
2591,9x10x4,Madera,29
2772,1x10x10,Reciclado,15
3063,5x2x8,Madera,16
2858,8x5x5,Plastico,33
2518,1x8x10,Plastico,6
820,2x2x5,Madera,8
2833,2x3x6,Plastico,28
965,7x2x5,Plastico,27
12,4x7x8,Reciclado,35
1330,2x5x4,Madera,45
2103,10x6x7,Plastico,5
3149,2x9x6,Reciclado,38
2868,7x9x2,Reciclado,22
1216,3x6x10,Plastico,36
2951,1x10x5,Organico,24
3096,3x10x1,Organico,35
3421,3x8x9,Organico,14
990,4x5x1,Plastico,5
2401,8x10x3,Reciclado,36
2840,8x3x8,Organico,20
3073,10x1x8,Reciclado,10
1505,4x2x6,Reciclado,15
2416,8x6x6,Organico,14
2804,8x1x2,Plastico,31
2389,6x6x7,Plastico,40
2666,3x7x10,Madera,11
3366,6x4x6,Organico,39
1370,5x1x8,Plastico,36
2784,6x2x2,Plastico,36
2668,5x5x6,Plastico,24
2896,2x2x6,Madera,12
2601,6x7x8,Organico,16
3039,10x2x1,Organico,49
3164,4x3x9,Madera,9
2958,10x6x10,Madera,35
3034,4x9x9,Madera,37
2749,5x10x5,Organico,10
997,7x3x6,Plastico,26
1381,4x7x3,Organico,36
2423,1x8x7,Reciclado,28
3363,8x1x3,Reciclado,20
2572,1x5x3,Madera,45
1992,2x9x6,Reciclado,50
3309,2x8x5,Plastico,16
3098,4x9x9,Plastico,38
2196,4x10x3,Reciclado,10
2351,10x7x7,Organico,24
2347,3x6x6,Organico,48
2144,5x1x5,Reciclado,34
1273,4x7x9,Plastico,29
2437,9x9x4,Plastico,16
1311,6x7x10,Organico,18
3186,6x8x10,Reciclado,5
1182,6x8x8,Plastico,5
2349,10x8x8,Plastico,38
3091,4x9x7,Plastico,44
3095,4x6x3,Organico,15
7,9x1x7,Plastico,18
3289,9x4x9,Madera,25
1953,6x3x10,Madera,8
1158,1x3x6,Organico,44
1957,8x4x6,Madera,48
2857,9x4x7,Madera,7
2890,1x10x7,Madera,6
959,10x6x1,Organico,42
1463,7x2x10,Madera,1
3065,2x6x6,Organico,25
3195,4x2x6,Madera,49
2096,7x4x2,Reciclado,45
3136,8x2x3,Madera,17
3061,7x6x9,Plastico,47
2394,8x2x7,Organico,17
3365,4x5x4,Plastico,16
2392,5x2x10,Plastico,5
2984,3x5x5,Plastico,26
893,7x6x8,Reciclado,14
2696,5x8x7,Plastico,3
2395,10x5x10,Organico,5
3148,7x9x5,Madera,40
2115,6x3x8,Madera,41
1499,2x6x3,Organico,16
2101,5x10x8,Plastico,31
1488,3x6x7,Reciclado,23
3410,8x2x8,Plastico,16
3194,4x10x1,Organico,2
1149,4x7x9,Plastico,46
2360,3x3x3,Plastico,18
2976,3x10x10,Reciclado,37
2439,1x3x1,Madera,4
2341,6x8x2,Reciclado,42
3102,7x8x3,Madera,36
2897,10x8x9,Organico,34
2559,5x1x10,Reciclado,36
2720,9x7x3,Reciclado,40
2048,3x6x7,Reciclado,27
3448,5x4x8,Madera,13
1340,10x5x4,Plastico,21
1580,1x8x6,Reciclado,39
1310,9x3x7,Plastico,16
2355,3x2x3,Organico,36
1363,2x9x2,Organico,25
3369,2x10x10,Reciclado,44
3067,10x3x9,Reciclado,33
1588,1x5x3,Organico,49
2447,2x2x10,Organico,30
3003,8x1x8,Organico,32
2516,1x7x8,Plastico,49
3081,2x10x4,Madera,33
2625,6x4x2,Plastico,2
2839,6x3x3,Madera,2
2946,6x9x7,Madera,24
2638,2x10x4,Organico,50
872,9x6x6,Organico,29
1167,5x10x7,Madera,3
2708,6x2x10,Plastico,43
2787,5x10x2,Organico,21
2366,10x10x10,Reciclado,30
912,7x4x5,Madera,49
2653,5x2x10,Organico,18
1187,4x4x1,Plastico,46
1586,2x6x5,Madera,29
3361,3x10x9,Plastico,44
3032,4x2x3,Reciclado,21
1066,3x4x3,Plastico,33
2560,7x9x10,Plastico,15
3282,2x4x6,Plastico,23
2041,6x10x5,Reciclado,16
2138,8x3x1,Plastico,10
3299,1x1x9,Reciclado,30
2450,4x7x7,Madera,45
993,9x7x5,Reciclado,20
2959,7x4x2,Madera,8
2756,6x6x4,Madera,46
2212,4x3x1,Reciclado,48
3225,9x8x3,Madera,45
2483,2x5x1,Plastico,15
1955,8x4x3,Madera,10
3054,4x4x2,Reciclado,13
2387,9x4x9,Plastico,47
2678,2x1x8,Madera,38
2280,3x9x3,Reciclado,13
3427,6x10x3,Madera,49
2972,8x1x5,Plastico,14
3312,10x6x1,Organico,33
3181,1x8x4,Reciclado,45
3227,2x10x10,Madera,10
3185,7x9x7,Organico,23
2703,9x4x9,Organico,37
6,1x9x1,Plastico,43
2788,9x7x8,Organico,41
3155,6x5x8,Madera,4
3269,1x5x7,Madera,41
2578,4x1x3,Organico,3
1094,8x8x9,Organico,12
2622,10x7x8,Plastico,38
2275,5x2x6,Plastico,49
3229,5x10x9,Reciclado,15
2502,3x4x5,Organico,8
882,8x3x1,Plastico,15
1379,2x7x10,Organico,28
2403,6x5x10,Reciclado,35
1976,10x1x1,Reciclado,14
2433,4x7x4,Madera,44
3173,2x4x7,Reciclado,5
1183,6x8x9,Madera,24
2425,3x1x4,Madera,46
1256,5x4x2,Madera,36
926,4x10x10,Plastico,20
2162,2x10x9,Organico,16
2975,6x4x4,Madera,31
2676,10x9x2,Reciclado,42
923,1x5x5,Reciclado,17
2514,2x2x2,Reciclado,35
2490,4x8x8,Organico,4
921,5x6x10,Organico,27
3018,6x7x3,Madera,15
2254,8x8x9,Plastico,29
2523,4x8x4,Reciclado,29
2345,9x4x4,Organico,29
2607,6x4x9,Plastico,4
1504,4x1x3,Organico,23
2190,3x9x8,Plastico,48
2786,5x9x9,Plastico,43
807,3x8x1,Madera,28
1084,7x2x3,Reciclado,43
2090,3x10x9,Madera,25
1433,7x4x8,Plastico,39
1332,1x5x7,Madera,49
2290,3x3x9,Organico,23
1046,2x10x2,Madera,34
2333,8x6x2,Organico,23
2350,1x1x3,Reciclado,11
3245,7x1x4,Madera,1
3126,3x3x4,Madera,25
3072,8x6x8,Reciclado,28
2968,3x9x3,Reciclado,27
982,4x10x9,Madera,37
2656,8x2x1,Madera,42
1053,1x5x6,Plastico,24
3112,1x1x2,Plastico,28
2208,2x10x3,Plastico,8
1391,3x4x1,Plastico,9
2623,2x7x6,Plastico,19
2209,10x10x3,Plastico,30
3352,5x9x4,Reciclado,45
1274,2x7x1,Organico,35
2906,2x4x7,Reciclado,44
3281,2x10x9,Reciclado,41
1337,3x1x2,Reciclado,25
2911,6x1x4,Madera,40
995,6x2x5,Organico,27
2806,10x7x2,Madera,40
2971,1x10x8,Madera,42
3454,7x9x1,Reciclado,38
1495,3x9x3,Plastico,8
1500,2x1x9,Reciclado,44
1561,10x4x4,Madera,10
2089,5x4x5,Madera,18
2451,1x3x8,Reciclado,50
881,3x3x10,Reciclado,17
2069,9x8x3,Organico,17
992,3x5x1,Reciclado,36
2725,1x10x3,Madera,16
2340,7x8x10,Madera,31
2473,2x5x9,Plastico,11
2545,8x9x9,Organico,22
1217,3x2x10,Organico,30
2388,4x10x1,Plastico,39
2273,10x4x1,Organico,10
2098,2x10x8,Plastico,47
2599,10x7x9,Madera,1
3430,3x1x4,Organico,1
2283,6x8x7,Madera,32
3137,4x9x2,Plastico,12
2404,8x1x7,Plastico,34
2758,9x6x4,Madera,7
1237,6x6x9,Reciclado,24
2962,6x3x9,Reciclado,32
2327,2x1x5,Plastico,33
2935,4x9x10,Organico,43
956,9x8x6,Organico,27
1983,2x10x8,Madera,30
2652,1x9x9,Plastico,6
2579,9x6x8,Madera,15
3132,9x2x6,Reciclado,26
916,4x6x4,Plastico,5
2574,3x4x9,Reciclado,10
2329,2x10x5,Madera,44
805,4x9x1,Madera,39
2600,5x8x7,Madera,33
2304,1x8x1,Reciclado,12
3273,1x8x10,Plastico,41
2505,4x6x7,Plastico,5
3060,7x10x4,Organico,6
2385,10x5x7,Madera,4
3189,10x8x3,Organico,12
2418,3x4x8,Organico,4
2713,9x2x8,Reciclado,35
2446,8x8x10,Reciclado,16
2227,5x5x7,Madera,20
3396,9x7x9,Madera,11
2271,8x5x1,Reciclado,43
2694,8x2x9,Organico,31
2135,4x3x1,Reciclado,34
1327,2x6x1,Reciclado,40
3174,10x2x8,Madera,6
25,1x10x4,Plastico,26
2985,1x2x6,Reciclado,32
2529,3x5x9,Organico,1
3285,4x10x9,Organico,31
3226,6x10x6,Reciclado,40
1044,9x1x4,Madera,13
2767,3x4x10,Organico,18
2764,7x5x3,Plastico,48
934,3x5x1,Plastico,16
3385,6x7x8,Organico,23
2704,8x2x5,Reciclado,10
2880,8x7x9,Plastico,21
1126,6x8x7,Reciclado,7
3422,9x3x6,Organico,20
2692,2x3x7,Plastico,4
3224,10x8x1,Plastico,49
3326,4x4x6,Organico,23
2699,6x9x2,Organico,6
2952,5x9x10,Madera,14
1441,3x9x4,Plastico,5
2953,8x5x1,Madera,3
3356,1x3x7,Plastico,27
3150,4x10x4,Plastico,14
1196,9x6x10,Plastico,50
1980,1x9x9,Madera,45
8,7x3x7,Plastico,29
1958,5x6x7,Reciclado,10
2866,8x6x6,Plastico,48
2239,6x6x8,Plastico,3
2719,5x1x9,Reciclado,6
837,2x10x2,Plastico,46
1226,6x1x10,Madera,20
3125,8x7x7,Organico,32
3355,9x9x4,Organico,31
2928,6x4x5,Organico,48
3206,1x3x9,Plastico,35
2702,2x8x8,Madera,8
1132,1x10x4,Organico,41
3037,9x5x8,Organico,9
3431,3x6x5,Plastico,20
2509,5x9x3,Madera,47
2314,10x4x2,Reciclado,15
971,8x9x6,Madera,2
2379,10x7x8,Madera,10
3353,4x2x4,Organico,30
2912,7x4x8,Reciclado,42
1262,7x1x3,Madera,24
3118,8x3x1,Reciclado,1
27,8x10x9,Plastico,41
2035,8x9x10,Organico,22
2639,5x4x3,Organico,17
1180,8x2x7,Plastico,18
1028,3x3x10,Reciclado,3
3397,4x10x3,Reciclado,22
2789,9x8x3,Madera,11
2785,10x7x10,Organico,5
985,7x2x2,Madera,45
2266,5x4x2,Reciclado,49
1549,2x4x9,Madera,34
2184,1x5x3,Reciclado,3
3294,2x8x8,Madera,41
1148,2x1x2,Madera,11
3103,2x10x5,Reciclado,36
3275,7x9x8,Organico,45
3005,2x4x2,Organico,37
1473,6x5x5,Organico,22
2950,10x4x8,Plastico,29
2964,3x9x10,Madera,6
1284,2x9x2,Plastico,15
2207,8x2x8,Plastico,34
830,9x6x8,Plastico,23
2214,9x3x4,Organico,24
2891,8x4x1,Organico,25
3053,5x3x9,Madera,29
929,4x1x5,Reciclado,44
2752,4x4x4,Plastico,49
1199,10x3x4,Organico,7
1045,7x10x2,Madera,27
3409,9x9x6,Plastico,5
3244,10x1x3,Plastico,24
2671,7x6x4,Organico,31
1977,9x8x8,Madera,14
3328,1x9x8,Reciclado,48
3384,10x3x1,Plastico,28
2255,2x7x4,Organico,43
2595,6x9x9,Organico,14
2357,4x4x4,Plastico,2
1211,6x6x7,Plastico,13
3311,6x9x8,Reciclado,13
2885,9x8x5,Madera,15
2898,6x6x1,Organico,5
3043,8x2x2,Organico,8
2925,4x6x9,Reciclado,37
1060,3x1x9,Reciclado,31
1428,4x4x7,Madera,14
3184,8x7x8,Organico,4
2354,4x10x9,Madera,12
2422,8x3x5,Reciclado,4
2153,5x2x8,Madera,47
3434,4x6x4,Organico,4
2606,3x9x1,Madera,8
2945,6x10x3,Plastico,3
2005,1x7x4,Reciclado,23
879,6x1x6,Madera,33
2644,4x4x1,Plastico,28
2526,4x7x6,Plastico,26
3305,2x2x7,Organico,18
2372,3x8x5,Madera,31
2584,10x10x7,Madera,24
2565,5x2x2,Plastico,31
3140,6x9x1,Organico,38
26,1x8x3,Organico,21
1991,10x9x9,Reciclado,5
3274,4x4x1,Reciclado,16
2829,3x9x8,Plastico,48
3212,7x7x7,Madera,27
2947,3x1x8,Plastico,19
3028,5x2x8,Organico,30
1022,9x10x5,Madera,29
1029,1x2x5,Plastico,7
2633,5x4x10,Organico,49
2373,4x3x6,Plastico,17
13,4x3x8,Reciclado,46
2251,4x10x5,Reciclado,10
3368,6x2x3,Plastico,28
2735,9x1x10,Reciclado,38
2383,9x4x5,Plastico,29
2211,1x6x4,Madera,9
3082,7x4x8,Madera,6
3364,9x5x2,Reciclado,39
3064,5x3x9,Organico,1
2442,2x2x7,Plastico,34
2537,4x6x5,Organico,20
1387,3x1x2,Madera,1
1967,7x1x7,Reciclado,11
2067,7x6x8,Plastico,20
2837,4x10x6,Reciclado,20
1352,1x2x8,Plastico,24
1206,7x4x6,Reciclado,32
2913,2x4x2,Organico,41
2045,10x8x1,Reciclado,45
2265,7x6x2,Organico,14
2876,1x3x10,Madera,20
2111,3x10x3,Plastico,16
3146,10x7x9,Plastico,48
1250,8x1x7,Reciclado,40
2577,5x10x7,Plastico,26
3323,1x2x3,Reciclado,11
3147,10x6x4,Plastico,26
2870,5x5x5,Madera,3
2178,2x4x5,Madera,14
2672,7x1x2,Reciclado,21
2842,8x1x3,Organico,18
2075,4x8x5,Reciclado,26
3057,5x2x8,Plastico,49
850,3x10x8,Madera,7
1201,10x5x8,Plastico,24
1096,10x2x5,Madera,34
2619,10x4x7,Reciclado,34
2268,2x9x3,Organico,10
3298,5x3x4,Reciclado,23
2119,6x8x10,Reciclado,20
1998,8x7x6,Plastico,8
1408,10x2x9,Reciclado,27
2693,6x3x3,Organico,17
944,4x6x3,Reciclado,35
2922,10x2x1,Reciclado,6
3440,3x9x1,Madera,50
968,9x5x3,Organico,23
3027,9x7x9,Reciclado,25
2002,7x2x7,Madera,28
2558,9x7x5,Madera,22
3280,1x8x8,Reciclado,13
845,9x5x8,Plastico,18
2738,6x8x9,Madera,17
1968,2x8x7,Reciclado,10
2557,2x6x7,Organico,31
2146,9x7x2,Reciclado,16
3408,8x5x1,Plastico,43
2889,5x8x9,Reciclado,1
2700,10x10x8,Organico,34
3052,4x7x1,Reciclado,48
2843,5x9x5,Madera,12
825,8x10x2,Madera,50
3456,4x8x4,Organico,35
2998,10x3x7,Plastico,33
2942,6x10x8,Plastico,19
2358,5x10x6,Reciclado,19
2457,5x4x3,Madera,28
2186,8x10x3,Reciclado,18
2475,4x5x2,Organico,43
2614,9x9x6,Organico,13
2810,7x8x1,Organico,3
1254,1x3x8,Plastico,14
1142,2x4x7,Organico,21
2679,10x1x5,Organico,4
896,4x2x4,Organico,3
3058,5x3x9,Madera,15
2218,4x8x1,Organico,47
3345,9x7x4,Plastico,18
1275,3x6x9,Reciclado,21
3080,9x1x10,Organico,42
1109,10x4x8,Reciclado,37
2018,2x8x3,Madera,19
2330,2x4x6,Plastico,50
3300,1x6x2,Reciclado,13
3406,10x6x9,Madera,38
3071,2x6x3,Organico,45
2551,7x2x6,Plastico,43
1952,2x4x5,Reciclado,17
1116,10x2x4,Plastico,20
2210,10x7x5,Organico,36
931,5x9x6,Reciclado,22
2821,7x10x2,Reciclado,16
900,3x3x2,Plastico,29
2659,3x1x2,Plastico,8
1123,9x5x1,Organico,25
3446,9x5x8,Madera,40
3419,6x8x6,Madera,48
2129,2x10x10,Plastico,4
3373,4x3x5,Reciclado,2
2669,4x10x10,Plastico,10
2427,4x3x3,Reciclado,40
1502,1x7x4,Reciclado,20
1174,1x6x3,Reciclado,33
2934,10x5x9,Organico,19
2270,5x8x5,Madera,3
31,10x1x1,Madera,50
3350,10x10x2,Plastico,45
2663,5x4x9,Madera,2
3351,8x9x9,Organico,1
2499,9x9x2,Plastico,21
3139,1x5x8,Organico,6
1056,5x8x10,Madera,3
2541,10x9x9,Organico,35
1467,10x6x9,Reciclado,23
1204,10x2x10,Reciclado,2
3154,7x3x10,Organico,21
2368,3x6x6,Plastico,42
3045,2x9x4,Organico,14
2421,8x7x9,Reciclado,47
1973,1x9x10,Reciclado,18
3074,3x4x10,Plastico,18
2835,2x7x4,Madera,1
1192,6x4x4,Reciclado,19
2628,3x2x6,Madera,7
1440,1x8x5,Madera,2
1949,2x8x2,Organico,48
3252,3x8x2,Organico,26
3079,7x10x5,Madera,1
847,2x10x4,Organico,38
2990,10x5x9,Plastico,37
3106,5x5x2,Reciclado,6
3445,7x8x8,Madera,18
2820,9x8x5,Reciclado,34
2486,6x7x8,Organico,21
2223,6x7x5,Madera,48
2587,4x3x5,Madera,40
1368,6x3x10,Plastico,12
2112,1x4x5,Organico,2
2191,6x10x2,Organico,48
865,5x9x4,Madera,40
2198,3x10x6,Plastico,37
2020,4x4x1,Plastico,33
2673,2x4x1,Madera,16
2217,1x4x8,Reciclado,19
3007,1x5x7,Plastico,2
2195,6x2x1,Madera,11
821,2x4x5,Plastico,37
2892,10x3x2,Plastico,44
3190,2x4x3,Organico,3
3387,8x10x1,Plastico,20
2863,7x10x5,Organico,4
3208,1x6x6,Reciclado,17
3089,1x2x9,Plastico,19
2909,3x7x10,Reciclado,16
3262,10x5x4,Organico,26
2658,5x5x5,Reciclado,3
2292,9x7x10,Madera,28
2267,9x7x1,Plastico,15
1956,4x1x7,Madera,41
2431,5x7x6,Organico,39
1454,3x6x6,Plastico,49
1988,4x6x10,Madera,21
3331,2x5x9,Reciclado,32
977,3x4x4,Organico,17
2660,8x3x10,Reciclado,29
2783,7x2x4,Plastico,19
1476,10x3x5,Organico,10
1526,9x10x5,Organico,14
2159,3x1x6,Reciclado,40
1176,5x5x6,Reciclado,4
2455,5x1x3,Organico,16
3188,4x10x3,Plastico,50
1170,8x4x2,Madera,1
2686,9x3x9,Madera,1
2250,2x1x3,Madera,47
843,3x5x2,Madera,43
3084,2x10x1,Organico,45
883,9x7x9,Organico,39
2287,1x5x10,Reciclado,40
2353,9x8x8,Reciclado,36
2466,3x5x3,Reciclado,47
1347,3x1x6,Organico,18
1288,8x10x7,Madera,18
2021,1x7x5,Plastico,8
2730,5x7x5,Organico,2
2017,1x4x4,Reciclado,12
2492,6x4x3,Madera,21
1478,2x1x7,Reciclado,34
871,6x8x10,Madera,13
2495,1x2x3,Organico,41
2448,3x5x9,Plastico,36
2965,4x6x8,Reciclado,10
3271,6x5x9,Organico,36
2291,3x8x9,Madera,6
1191,1x9x1,Madera,40
2307,7x8x7,Madera,16
2434,1x4x1,Madera,1
1343,8x9x3,Reciclado,42
1171,1x1x7,Organico,41
2926,10x6x7,Reciclado,28
2261,10x3x6,Madera,6
2324,2x5x7,Madera,5
973,1x2x4,Madera,1
3455,5x9x7,Organico,14
2000,9x1x6,Madera,7
2586,3x2x10,Organico,13
2062,2x10x1,Plastico,23
2248,6x4x10,Plastico,50
3187,9x1x8,Organico,32
1439,1x6x9,Plastico,44
3036,8x6x5,Organico,46
1050,2x4x6,Reciclado,4
2701,4x1x5,Organico,9
2884,3x4x6,Madera,27
3291,6x7x2,Madera,28
2759,9x4x6,Reciclado,26
1436,5x10x8,Plastico,16
1162,5x10x8,Organico,12
1001,2x9x8,Reciclado,41
2610,3x8x3,Plastico,12
2004,3x10x3,Plastico,38
1040,10x5x9,Organico,14
1197,4x10x8,Organico,43
2549,5x2x6,Organico,29
2635,7x6x1,Madera,8
2489,5x4x5,Organico,5
2128,9x7x2,Plastico,41
1395,2x1x7,Organico,11
2917,2x3x8,Organico,29
2445,2x1x4,Organico,20
2827,9x10x9,Plastico,6
2596,9x10x7,Organico,18
1303,3x3x3,Plastico,15
2189,2x1x3,Plastico,5
3320,7x10x8,Madera,26
3135,4x2x8,Organico,3
3035,9x1x6,Reciclado,18
2432,3x10x1,Madera,45
2966,4x8x5,Reciclado,6
2149,10x2x9,Plastico,24
2721,5x3x6,Organico,43
3120,2x7x1,Organico,20
2493,6x2x5,Reciclado,19
2957,10x4x3,Reciclado,9
1140,9x4x1,Plastico,47
2603,6x10x2,Plastico,37
2641,9x3x3,Reciclado,26
2568,2x1x9,Organico,26
2773,5x8x2,Madera,33
2037,4x10x2,Reciclado,46
824,3x6x3,Plastico,36
11,7x4x6,Plastico,34
967,10x9x10,Organico,12
3310,1x8x10,Organico,10
3319,1x7x9,Organico,50
2491,6x8x2,Madera,15
1521,2x7x10,Reciclado,34
1220,8x7x8,Reciclado,41
2728,1x8x2,Madera,40
2269,4x9x4,Reciclado,48
3230,7x6x3,Organico,45
1309,2x7x8,Organico,12
2256,8x7x2,Organico,50
951,9x8x1,Organico,2
1512,2x10x4,Plastico,12
2201,5x4x9,Madera,50
2963,1x2x7,Organico,14
2895,8x10x3,Organico,34
3171,10x6x2,Madera,49
2916,9x7x2,Plastico,50
3207,9x2x9,Organico,30
1129,1x5x1,Madera,17
3111,5x3x3,Plastico,26
2546,4x10x1,Reciclado,47
2803,2x6x3,Madera,44
1064,7x2x5,Plastico,30
1235,8x2x1,Organico,40
1152,7x4x5,Reciclado,32
2850,3x2x10,Plastico,28
2435,1x7x2,Plastico,28
877,4x1x8,Madera,23
1244,10x6x6,Plastico,47
3116,7x3x1,Madera,12
3124,1x9x9,Plastico,6
1267,1x8x9,Organico,41
905,10x9x6,Organico,24
3386,5x8x4,Reciclado,23
3321,2x2x3,Organico,29
2793,7x6x3,Reciclado,30
3049,9x4x7,Plastico,21
2608,10x10x4,Reciclado,6
2485,6x4x10,Plastico,8
2602,1x7x4,Reciclado,25
3286,10x1x4,Organico,27
1597,10x8x9,Madera,8
2689,10x9x7,Organico,10
2856,2x1x10,Reciclado,7
1979,8x10x6,Reciclado,13
2852,1x1x9,Organico,39
1326,3x4x3,Plastico,31
2102,6x9x8,Madera,13
1233,6x3x10,Reciclado,36
2026,5x7x8,Plastico,43
1138,6x1x3,Madera,19
849,7x7x10,Madera,30
2279,2x3x3,Reciclado,43
2570,6x4x8,Reciclado,11
1081,3x2x5,Reciclado,28
1591,1x4x6,Reciclado,1
2854,4x8x3,Organico,5
2406,5x5x5,Reciclado,10
2983,5x2x3,Plastico,24
2336,8x4x3,Madera,35
2779,6x3x1,Madera,47
2469,7x10x4,Madera,12
1253,10x3x10,Organico,34
3152,2x10x5,Organico,37
2187,5x7x1,Plastico,18
867,3x2x5,Madera,16
942,2x2x5,Plastico,2
2303,6x4x8,Madera,22
2805,6x4x7,Plastico,20
1151,3x1x8,Reciclado,15
2293,7x7x4,Madera,40
2061,9x1x8,Organico,31
2320,10x6x9,Organico,13
2294,3x5x8,Reciclado,25
1184,7x2x2,Plastico,29
2452,9x7x9,Madera,24
2097,10x5x10,Plastico,41
2300,9x7x8,Plastico,8
1550,4x10x9,Madera,41
2398,4x5x9,Plastico,20
3417,4x4x10,Reciclado,20
2458,8x8x1,Plastico,50
2139,4x1x10,Reciclado,3
3041,5x7x4,Organico,27
3336,8x7x7,Organico,30
2944,9x10x9,Plastico,8
3293,6x2x6,Madera,43
1038,4x4x8,Reciclado,14
2847,3x1x1,Plastico,16
834,4x2x5,Organico,17
1179,9x10x7,Plastico,15
2008,8x8x8,Organico,41
2066,9x7x2,Organico,4
2242,7x3x9,Organico,17
2799,4x4x7,Plastico,48
2974,2x5x10,Madera,7
2397,2x9x7,Reciclado,18
2024,10x6x7,Plastico,32
2924,5x5x6,Reciclado,47
3114,3x4x4,Plastico,37
2682,4x1x7,Plastico,50
3198,8x1x9,Plastico,9
2081,4x4x5,Plastico,1
1125,2x7x7,Madera,7
2396,7x2x3,Plastico,31
1400,6x4x8,Reciclado,10
2099,2x2x2,Madera,5
2768,3x3x3,Plastico,6
2376,6x6x1,Reciclado,36
1950,10x6x10,Organico,42
2553,6x3x8,Madera,33
2598,10x8x6,Plastico,9
2504,5x1x8,Organico,20
2674,7x3x5,Madera,33
3414,9x8x6,Madera,33
2593,5x6x8,Madera,6
46,10x9x7,Reciclado,5
3196,3x8x4,Reciclado,2
3307,5x1x1,Organico,11
2120,2x8x3,Reciclado,49
1995,7x1x2,Madera,50
3040,2x3x6,Organico,24
2193,1x3x1,Organico,5
3251,8x6x6,Reciclado,44
2938,4x4x10,Organico,17
2862,10x1x1,Organico,15
2513,7x6x8,Plastico,4
2393,2x9x1,Organico,38
2864,9x1x3,Reciclado,46
3222,10x3x8,Madera,46
3442,2x3x3,Reciclado,47
1214,7x6x5,Plastico,36
2500,5x10x4,Reciclado,32
3163,5x7x2,Plastico,30
2453,6x8x9,Madera,48
1071,3x8x9,Plastico,8
2636,8x9x10,Plastico,14
3176,1x2x2,Plastico,39
2236,2x9x2,Reciclado,28
2683,1x4x6,Plastico,18
3203,4x8x7,Reciclado,19
2296,8x4x7,Plastico,26
2213,10x7x3,Reciclado,16
2465,1x1x5,Madera,28
2006,2x1x5,Reciclado,45
2337,3x2x8,Plastico,28
3402,2x8x2,Reciclado,40
2832,9x8x1,Reciclado,8
1015,2x5x9,Organico,44
2830,7x5x4,Plastico,37
3172,2x5x4,Organico,11
2824,3x4x6,Madera,12
2070,3x4x10,Organico,1
1300,10x3x9,Madera,22
1398,8x6x9,Madera,5
1318,10x4x10,Plastico,16
2919,8x7x6,Madera,35
2323,1x10x10,Organico,9
803,7x10x7,Plastico,28
2071,8x7x2,Organico,21
3138,2x10x7,Madera,9
24,9x6x7,Plastico,43
3439,6x8x2,Madera,35
1009,3x3x10,Madera,19
3129,9x9x3,Plastico,31
2761,3x4x2,Reciclado,49
2228,5x8x2,Madera,25
2150,6x7x10,Madera,33
3006,10x9x6,Plastico,20
2731,5x2x5,Plastico,34
2157,3x2x1,Madera,49
3192,7x9x9,Organico,34
2009,3x4x6,Organico,20
864,3x3x7,Reciclado,40
1601,5x2x3,Madera,9
1565,6x8x6,Reciclado,15
2326,2x7x7,Madera,42
2110,4x1x4,Organico,16
1492,2x2x4,Organico,22
2795,1x4x1,Reciclado,44
1335,10x9x1,Organico,47
2954,10x6x5,Reciclado,46
2335,5x8x2,Organico,21
3267,10x6x4,Plastico,15
3284,8x4x5,Plastico,12
3216,2x3x5,Organico,37
2352,7x1x6,Madera,22
2245,10x2x2,Reciclado,29
1194,4x8x10,Plastico,49
2709,3x6x6,Plastico,11
2737,6x2x2,Plastico,29
1392,6x6x10,Reciclado,48
1100,5x10x8,Madera,1
2920,8x4x10,Madera,11
3211,9x2x10,Organico,19
2310,6x3x8,Organico,19
2552,1x3x1,Organico,9
3236,5x2x5,Reciclado,32
2645,6x4x5,Organico,39
1534,1x9x8,Plastico,24
3246,4x3x2,Reciclado,39
3375,3x5x10,Madera,14
3357,2x9x7,Plastico,13
2019,7x3x3,Organico,24
2363,5x10x7,Organico,20
3069,2x5x4,Plastico,7
917,4x6x1,Reciclado,28
1486,3x8x6,Organico,45
1503,7x7x4,Organico,42
2524,3x1x2,Plastico,19
2380,8x10x9,Plastico,35
1245,4x7x2,Plastico,26
2585,6x2x5,Madera,46
2907,9x7x5,Madera,37
1377,6x5x8,Plastico,38
1960,2x3x4,Reciclado,1
21,3x3x6,Reciclado,31
3131,10x7x1,Plastico,6
3237,5x9x1,Plastico,43
2197,4x8x1,Madera,25
3016,6x9x3,Plastico,9
1432,6x3x3,Madera,33
3433,10x4x10,Plastico,15
2575,4x1x10,Madera,11
2338,4x4x4,Plastico,33
3162,10x6x6,Plastico,48
2527,3x10x10,Madera,19
3277,5x2x1,Organico,4
3401,5x3x2,Reciclado,13
1556,4x9x8,Madera,20
3235,10x10x1,Reciclado,11
2977,3x10x5,Madera,13
2258,6x5x8,Organico,31
2780,5x2x3,Plastico,19
924,9x8x6,Plastico,8
1287,8x4x3,Organico,33
2374,3x2x10,Organico,42
2043,3x5x2,Plastico,23
2386,7x4x2,Reciclado,24
3370,6x3x8,Plastico,35
3119,10x3x8,Plastico,32
3437,1x8x1,Organico,7
2315,6x4x10,Madera,45
2461,7x7x7,Plastico,38
1080,2x10x3,Reciclado,6
1470,10x1x7,Organico,17
2012,6x6x8,Organico,26
1985,3x2x5,Organico,36
2262,2x8x7,Reciclado,3
2956,10x4x8,Organico,46
2716,10x3x5,Organico,40
1106,4x10x10,Plastico,50
947,9x1x6,Madera,15
2583,10x1x4,Organico,26
1475,6x5x4,Reciclado,37
1299,9x9x8,Reciclado,27
1083,8x2x9,Plastico,38
2561,8x8x8,Organico,46
2921,10x7x1,Plastico,20
2027,3x1x3,Reciclado,50
1525,5x7x5,Reciclado,13
3347,10x10x2,Organico,1
3381,2x2x7,Reciclado,32
1449,3x5x10,Plastico,32
3107,8x5x1,Plastico,34
23,2x6x3,Madera,38
1528,4x2x5,Organico,22
1292,7x8x3,Organico,39
3342,1x3x1,Organico,21
3400,7x10x9,Madera,11
1464,8x6x9,Organico,6
2875,9x8x8,Organico,46
3234,6x7x5,Reciclado,41
2322,3x5x5,Madera,50
949,5x8x6,Reciclado,13
2634,1x8x7,Plastico,42
3094,3x8x8,Madera,43
1188,10x5x4,Plastico,50
957,9x10x3,Plastico,17
2770,8x5x5,Madera,39
1514,3x6x4,Plastico,6
3247,6x6x7,Madera,38
2332,5x6x1,Madera,30
3029,5x6x10,Reciclado,10
3019,3x2x8,Madera,41
1228,2x3x3,Plastico,30
1073,9x3x9,Madera,16
3166,1x3x8,Plastico,32
859,1x9x2,Organico,11
2665,5x5x7,Madera,43
3202,5x7x8,Reciclado,20
1544,3x5x3,Madera,15
2624,1x8x10,Reciclado,17
994,2x9x5,Organico,25
3012,10x5x2,Organico,48
3372,7x2x1,Madera,49
2774,3x3x5,Organico,48
838,8x10x5,Reciclado,30
3399,7x10x9,Organico,24
839,4x8x2,Madera,19
1350,10x1x9,Madera,18
3078,2x2x5,Plastico,25
3015,5x4x4,Organico,46
2384,10x3x10,Madera,36
3066,1x2x3,Plastico,26
3398,7x7x6,Reciclado,25
2206,8x4x8,Reciclado,15
1404,6x2x7,Madera,34
3213,3x4x1,Plastico,16
2462,10x3x10,Plastico,9
1232,10x2x4,Madera,32
2364,2x10x5,Organico,24
2777,8x1x1,Plastico,48
1573,7x9x3,Organico,50
2743,3x5x2,Madera,47
2887,10x6x10,Madera,6
975,6x7x10,Organico,14
2286,10x6x3,Madera,25
1133,9x8x6,Reciclado,23
2085,9x3x1,Madera,45
2778,2x8x9,Reciclado,3
1341,3x2x5,Madera,9
3432,3x6x4,Plastico,22
2992,4x3x1,Organico,25
1974,2x9x2,Reciclado,30
3272,3x8x8,Organico,15
2361,8x1x1,Plastico,15
2801,9x8x5,Madera,20
1107,1x8x8,Plastico,15
1047,8x6x8,Organico,19
1032,1x1x10,Madera,47
3197,2x9x10,Madera,22
1319,6x9x8,Plastico,44
1034,6x4x4,Plastico,32
3177,9x6x7,Reciclado,18
1229,1x8x9,Reciclado,20
1523,7x7x10,Plastico,20
2538,8x5x4,Plastico,6
2257,4x3x5,Organico,35
2831,3x4x7,Plastico,50
2476,5x10x2,Organico,46
2467,8x4x2,Reciclado,33
2564,2x2x4,Plastico,49
2034,10x6x2,Plastico,35
1422,3x4x9,Plastico,14
2729,2x4x10,Reciclado,27
1598,2x3x9,Reciclado,43
1537,8x2x4,Madera,32
2079,9x2x2,Reciclado,32
1483,6x2x8,Organico,47
2074,4x4x8,Organico,18
3450,1x9x3,Organico,38
1981,5x5x5,Plastico,43
3425,7x3x2,Madera,25
2936,1x6x5,Reciclado,41
1344,1x7x10,Plastico,36
2022,6x10x7,Plastico,27
1086,9x2x8,Organico,46
2232,5x7x5,Reciclado,38
880,1x7x4,Madera,22
1013,5x8x9,Plastico,33
2295,5x1x6,Organico,50
2463,5x6x2,Madera,26
886,6x1x9,Madera,5
2562,4x4x6,Plastico,48
1396,5x9x4,Madera,46
3255,1x4x10,Madera,44
2199,4x8x7,Madera,40
829,2x10x8,Madera,32
1078,5x7x3,Reciclado,7
3010,1x7x4,Reciclado,36
1225,7x8x1,Organico,13
3232,7x8x7,Madera,21
810,7x5x5,Organico,37
2841,2x5x3,Organico,17
2001,5x9x7,Plastico,14
3002,1x8x10,Madera,45
2344,1x1x7,Madera,34
1135,2x10x7,Madera,15
1006,8x4x4,Reciclado,25
2657,7x2x8,Reciclado,15
1996,3x2x8,Plastico,10
3394,10x8x10,Reciclado,12
3308,6x3x8,Plastico,24
941,2x1x1,Plastico,7
963,1x2x1,Organico,44
2155,3x6x2,Organico,14
1515,10x1x1,Organico,39
2127,4x9x9,Organico,17
3349,5x6x7,Reciclado,4
1159,3x6x3,Madera,32
2200,7x8x7,Reciclado,35
3426,5x10x6,Madera,43
2104,10x9x6,Madera,4
2065,6x10x3,Plastico,26
2809,3x3x8,Reciclado,27
1076,9x9x10,Madera,24
1079,4x9x8,Organico,20
1360,9x1x1,Plastico,23
1280,3x2x2,Madera,35
2356,7x2x1,Madera,39
1438,2x6x8,Organico,39
2849,8x4x9,Reciclado,9
3359,10x9x6,Organico,20
3000,7x2x7,Organico,30
1163,3x4x8,Plastico,48
1168,7x2x9,Madera,22
2122,8x4x2,Organico,29
1566,8x5x4,Madera,11
1351,6x7x3,Madera,27
1378,2x5x7,Madera,48
2629,3x9x6,Plastico,20
2771,2x6x7,Organico,14
2867,3x9x1,Reciclado,27
1455,7x2x1,Organico,48
2798,2x7x7,Plastico,13
1202,8x7x7,Plastico,11
876,3x4x9,Organico,43
1954,10x8x7,Reciclado,43
1263,8x2x6,Madera,27
2229,5x3x7,Organico,26
888,6x8x5,Organico,3
2949,3x3x6,Madera,9
2399,4x10x3,Reciclado,48
3248,5x8x10,Organico,20
2740,8x7x7,Madera,50
1242,5x1x7,Organico,13
2648,3x3x3,Organico,43
2059,2x3x6,Plastico,23
30,7x1x5,Organico,13
3415,3x8x10,Organico,22
1517,7x2x6,Reciclado,45
3424,9x3x4,Reciclado,20
3436,10x8x10,Organico,50
2547,7x7x4,Plastico,2
3205,9x1x10,Organico,32
2742,8x4x5,Plastico,21
3341,1x3x5,Reciclado,42
2637,8x3x7,Madera,15
2515,6x6x9,Organico,4
3210,9x6x8,Madera,8
2044,10x10x10,Reciclado,4
2058,5x5x10,Plastico,16
1364,8x9x5,Organico,22
2039,9x6x7,Organico,46
2747,4x4x7,Organico,17
1312,10x6x8,Organico,48
1961,4x3x3,Organico,11
2377,2x6x2,Plastico,22
2826,5x2x2,Madera,17
2220,1x8x10,Reciclado,3
848,9x4x5,Organico,1
2025,4x6x1,Reciclado,22
3122,1x2x10,Plastico,7
2650,6x7x3,Organico,28
1516,10x8x3,Plastico,10
2244,6x5x7,Madera,21
2125,2x5x1,Madera,7
2982,6x5x6,Organico,4
3127,10x6x10,Madera,39
2339,1x2x8,Madera,37
2263,8x2x5,Reciclado,20
1338,8x4x8,Reciclado,42
2632,10x8x4,Organico,43
1427,5x4x10,Reciclado,5
1231,1x9x4,Madera,47
1114,1x7x9,Reciclado,15
2277,3x3x4,Organico,12
910,9x1x10,Reciclado,30
2776,7x5x9,Reciclado,38
2301,5x7x2,Plastico,12
2684,1x8x10,Organico,17
3257,1x7x4,Organico,1
2851,10x9x10,Plastico,18
2845,10x7x6,Plastico,27
3141,5x7x7,Plastico,23
1600,10x1x8,Organico,29
2205,2x9x10,Madera,18
2539,4x9x8,Plastico,23
3013,1x7x4,Plastico,34
2259,6x4x4,Organico,47
1564,10x6x1,Reciclado,47
3117,2x10x2,Organico,10
2991,6x10x8,Reciclado,2
3438,5x1x9,Organico,35
858,3x3x8,Reciclado,37
3026,8x6x6,Plastico,47
1418,5x3x6,Reciclado,46
3243,1x5x6,Plastico,14
2643,1x2x4,Plastico,34
836,5x3x1,Reciclado,25
1375,8x1x1,Organico,8
1108,1x1x4,Plastico,24
2309,6x6x7,Plastico,15
2604,3x7x4,Madera,10
2276,8x2x8,Organico,16
2621,4x9x3,Organico,27
3324,4x2x6,Organico,38
2819,4x1x10,Plastico,46
1283,4x2x5,Plastico,7
2060,3x3x3,Organico,19
1484,2x10x5,Plastico,21
1243,3x3x5,Organico,20
2029,7x1x5,Madera,5
3327,3x3x7,Madera,12
2989,3x2x1,Plastico,3
892,10x8x1,Plastico,37
3302,2x8x6,Madera,13
1085,4x9x9,Organico,37
860,4x3x6,Plastico,40
2285,8x9x10,Reciclado,17
2226,2x4x4,Madera,43
2365,2x1x10,Reciclado,20
3249,9x4x7,Madera,13
2988,1x7x4,Madera,26
2741,4x10x8,Plastico,42
3382,2x2x1,Reciclado,35
2233,7x4x1,Reciclado,44
2038,3x6x1,Reciclado,19
2454,8x9x10,Madera,50
2905,9x1x6,Plastico,38
3059,6x2x10,Plastico,6
1971,7x8x3,Reciclado,35
2131,1x4x7,Reciclado,24
2908,3x7x5,Organico,31
2940,10x10x8,Reciclado,25
19,7x3x8,Reciclado,26
2706,10x9x3,Organico,14
894,4x10x1,Organico,19
2688,4x2x10,Reciclado,8
1153,5x10x9,Organico,3
2597,5x3x4,Organico,38
961,2x3x4,Organico,14
5,6x4x6,Madera,30
1567,6x2x4,Plastico,12
2508,1x1x2,Plastico,32
2402,4x3x7,Organico,5
1578,9x8x1,Plastico,4
2053,1x5x3,Organico,11
2707,5x3x2,Madera,26
3180,7x9x3,Reciclado,24
1313,9x7x9,Organico,6
2823,2x8x4,Reciclado,6
3033,10x8x5,Reciclado,21
2028,9x8x6,Madera,50
1358,7x8x3,Organico,47
1210,1x7x4,Reciclado,10
1339,5x10x6,Organico,10
2967,8x9x4,Reciclado,36
2148,4x7x8,Plastico,29
3317,2x3x8,Plastico,9
808,7x9x10,Plastico,29
3344,7x6x7,Madera,2
3270,7x8x6,Plastico,11
2948,8x2x7,Plastico,10
2792,1x8x9,Organico,17
1239,4x10x5,Plastico,31
2306,5x3x9,Organico,21
1412,8x4x1,Organico,12
2051,4x7x5,Organico,15
3077,9x9x3,Reciclado,45
1033,1x5x9,Organico,22
2444,4x4x4,Madera,47
2235,4x4x3,Reciclado,33
2093,8x9x10,Madera,3
3306,6x2x1,Reciclado,38
2443,1x9x5,Madera,3
3301,6x1x9,Reciclado,50
2082,6x5x10,Organico,26
3313,8x2x1,Plastico,46
3239,7x7x6,Madera,24
2215,2x4x1,Madera,2
2739,3x6x9,Organico,5
2685,2x5x10,Madera,8
1558,6x6x3,Plastico,13
2904,3x7x5,Plastico,6
1532,5x5x10,Reciclado,4
2108,2x10x5,Madera,8
3204,2x1x8,Organico,21
983,9x4x2,Madera,4
1240,2x1x1,Reciclado,37
3379,1x1x10,Madera,6
2132,3x7x9,Plastico,5
814,6x6x4,Reciclado,29
2055,3x2x8,Madera,44
1458,1x1x7,Madera,49
1143,1x3x2,Organico,35
2192,3x5x7,Organico,35
920,1x3x9,Plastico,26
2554,8x6x10,Madera,25
2980,9x1x10,Plastico,27
2238,4x10x2,Plastico,27
2893,8x4x2,Madera,24
2997,9x4x7,Reciclado,47
822,8x4x4,Madera,34
2224,3x1x2,Reciclado,21
2573,4x1x6,Plastico,41
2308,3x3x2,Plastico,20
1982,3x2x2,Madera,16
3297,1x3x1,Plastico,33
1294,4x7x7,Organico,4
2717,2x1x8,Madera,16
2754,9x6x2,Madera,2
3008,2x10x10,Organico,9
2188,6x9x10,Organico,50
2714,10x5x7,Organico,27
1124,9x4x9,Organico,22
1315,3x2x10,Reciclado,13
1218,8x7x5,Organico,17
3024,8x3x8,Reciclado,27
1975,10x4x6,Organico,33
1426,6x10x3,Reciclado,37
819,7x9x2,Plastico,48
1568,4x9x6,Plastico,37
3215,7x9x9,Plastico,8
816,3x5x10,Plastico,50
3371,5x6x9,Madera,23
2848,1x6x1,Organico,15
909,7x6x10,Plastico,8
2381,2x4x2,Organico,19
3221,10x3x3,Madera,24
2182,9x9x7,Organico,43
2426,10x7x3,Madera,11
2441,8x6x7,Reciclado,40
2613,3x2x10,Plastico,11
933,2x8x4,Organico,30
1963,5x10x7,Reciclado,13
3108,1x2x6,Organico,11
844,6x6x8,Madera,29
1414,2x4x2,Plastico,34
1987,9x9x7,Reciclado,29
45,10x10x7,Reciclado,17
2496,7x8x2,Plastico,8
2910,5x5x2,Reciclado,45
3,4x9x10,Reciclado,30
2246,2x1x3,Plastico,22
2317,7x2x2,Reciclado,17
1286,10x8x4,Organico,5
3263,4x10x3,Plastico,10
3258,4x2x2,Madera,43
2955,9x8x10,Organico,27
2929,5x4x10,Organico,22
1198,7x8x6,Madera,32
2348,1x7x1,Plastico,25
1102,6x7x7,Reciclado,49
1966,1x3x7,Organico,24
2941,8x4x8,Madera,12
2899,2x2x4,Plastico,20
3405,9x3x8,Organico,6
962,5x5x9,Reciclado,18
907,2x3x8,Madera,20
2736,1x8x1,Organico,18
3261,3x2x10,Madera,25
3093,2x1x4,Plastico,5
2760,2x1x7,Reciclado,3
3086,8x2x10,Madera,29
2313,9x9x3,Plastico,18
1342,6x8x9,Reciclado,10
3418,9x6x3,Reciclado,42
3156,6x2x7,Organico,49
2183,8x2x8,Organico,12
2298,1x2x5,Organico,36
2136,3x8x8,Plastico,20
2782,1x4x3,Reciclado,24
1112,10x8x5,Madera,47
2797,9x6x1,Reciclado,30
3087,3x7x9,Reciclado,11
3209,1x8x2,Plastico,12
1401,10x1x5,Reciclado,33
3303,8x5x10,Reciclado,41
812,5x4x9,Organico,37
3428,9x6x3,Reciclado,16
2057,10x7x1,Organico,45
2533,10x9x4,Reciclado,17
2456,2x9x7,Organico,48
2817,9x2x9,Madera,14
2497,6x5x3,Plastico,20
2630,3x1x4,Madera,12
3178,6x7x10,Reciclado,6
2003,8x5x6,Organico,18
815,2x8x6,Madera,42
984,2x9x8,Plastico,43
3367,5x2x7,Plastico,27
1497,2x6x2,Madera,41
823,9x8x5,Madera,4
2013,1x6x1,Organico,11
1002,10x6x6,Plastico,35
1421,1x5x9,Reciclado,23
1234,2x3x3,Reciclado,45
3068,5x2x8,Plastico,23
2405,3x5x10,Reciclado,24
2620,8x8x10,Organico,21
1104,10x5x1,Madera,41
3339,8x6x5,Plastico,5
3085,10x4x2,Madera,29
1557,5x1x7,Madera,19
3048,1x10x6,Reciclado,1
2710,1x10x5,Madera,38
2130,10x2x2,Plastico,38
2054,6x5x10,Madera,13
1990,7x3x10,Madera,21
946,3x7x7,Madera,17
2555,7x3x3,Reciclado,17
1547,1x6x5,Organico,25
1041,6x8x2,Madera,45
2408,4x5x10,Madera,27
2367,6x9x8,Plastico,26
948,9x2x10,Organico,34
2933,8x3x3,Madera,12
2247,1x8x2,Organico,48
1099,8x10x6,Organico,26
3279,1x1x2,Organico,25
2091,10x2x7,Reciclado,31
3023,2x3x6,Plastico,38
1037,9x1x9,Reciclado,14
1485,2x6x8,Madera,49
1296,7x7x2,Reciclado,30
1205,8x9x2,Plastico,4
2995,3x9x2,Organico,15
3242,9x7x1,Madera,25
3338,2x2x8,Plastico,47
3092,2x2x4,Reciclado,9
2882,4x1x5,Plastico,38
2517,1x5x5,Madera,3
2415,5x9x7,Reciclado,47
1175,1x6x10,Reciclado,21
2943,5x4x1,Reciclado,50
2141,2x8x9,Madera,15
2883,10x6x1,Madera,27
1572,4x4x1,Madera,24
3123,10x4x8,Organico,26
2321,8x2x3,Reciclado,6
2482,1x5x4,Madera,19
2420,5x6x10,Organico,23
3021,4x9x5,Organico,36
3416,1x1x10,Madera,20
3241,1x1x4,Organico,39
3144,10x8x9,Madera,16
3014,1x9x5,Reciclado,13
2219,6x5x7,Plastico,14
1212,5x5x1,Reciclado,21
1051,9x4x7,Organico,34
1067,3x9x3,Plastico,38
2100,9x4x4,Madera,46
2838,5x2x4,Madera,29
1419,1x3x7,Plastico,30
2987,2x8x1,Organico,39
1536,4x8x9,Plastico,8
2094,6x9x3,Organico,15
3175,3x10x4,Madera,26
3113,2x4x6,Organico,21
2095,6x9x1,Reciclado,40
3283,2x10x8,Reciclado,28
3343,1x2x9,Plastico,5
2576,8x2x6,Organico,35
804,4x7x9,Organico,26
2705,7x9x4,Plastico,8
3420,1x7x9,Organico,42
2328,8x7x1,Madera,11
1137,4x3x8,Reciclado,4
1186,3x9x3,Organico,36
2532,2x4x6,Organico,26
901,1x7x1,Madera,43
2888,6x10x8,Reciclado,46
935,9x7x9,Madera,44
2745,4x4x2,Reciclado,39
2807,9x2x3,Plastico,43
3130,7x9x3,Reciclado,6
3315,4x5x2,Organico,28
2481,2x10x7,Reciclado,36
3290,2x6x10,Reciclado,15
2378,2x1x6,Reciclado,19
1281,1x7x2,Reciclado,5
2503,5x5x3,Organico,27
3157,8x4x10,Plastico,19
1270,2x1x6,Madera,29
2815,10x5x1,Plastico,10
1008,4x6x6,Madera,27
1431,3x8x5,Plastico,21
1097,7x1x9,Organico,9
3062,1x7x1,Madera,19
2567,8x5x3,Reciclado,11
1336,2x9x9,Organico,14
1117,1x6x8,Plastico,3
955,6x6x1,Reciclado,25
2522,10x3x9,Madera,11
3104,5x9x2,Madera,45
1596,7x8x7,Organico,11
1373,3x10x9,Reciclado,27
1304,5x6x1,Organico,37
2073,2x6x6,Reciclado,38
2646,9x4x10,Organico,46
2468,4x8x5,Madera,24
1031,3x4x6,Madera,36
2762,6x2x6,Organico,31
1583,5x8x6,Madera,33
889,7x2x9,Reciclado,28
3449,9x1x2,Madera,33
1164,4x3x9,Plastico,37
3088,7x1x9,Madera,46
3360,4x6x4,Organico,18
2723,3x10x1,Madera,2
2878,8x4x9,Organico,44
1160,6x8x4,Plastico,9
1134,7x10x2,Plastico,42
1252,5x9x6,Plastico,50
1251,5x10x8,Reciclado,15
3097,8x8x3,Plastico,37
34,8x6x9,Organico,1
2152,5x10x6,Madera,49
1276,5x2x6,Reciclado,1
2590,10x8x10,Madera,43
2440,2x3x6,Reciclado,23
3083,3x9x5,Reciclado,42
2216,6x7x10,Reciclado,11
1004,9x6x9,Organico,32
3100,2x5x8,Organico,39
1048,6x3x9,Plastico,50
2410,5x1x9,Plastico,32
2407,9x2x3,Madera,1
3238,6x3x6,Reciclado,3
2544,1x6x8,Reciclado,26
950,5x3x10,Plastico,39
3011,2x5x6,Reciclado,12
1563,1x10x3,Plastico,29
3191,6x2x8,Reciclado,9
2927,2x9x10,Plastico,7
954,3x7x1,Plastico,40
2123,3x5x6,Organico,32
1962,3x10x7,Organico,31
1070,3x7x2,Madera,13
2063,5x8x8,Madera,15
2030,4x8x9,Reciclado,35
3404,1x2x4,Reciclado,36
1386,6x2x9,Plastico,1
2748,3x6x9,Organico,8
2478,5x10x2,Reciclado,28
2566,5x3x9,Reciclado,35
2411,5x10x7,Plastico,26
1978,1x7x6,Plastico,37
2430,9x2x9,Plastico,9
878,7x7x9,Organico,19
2158,1x8x10,Reciclado,44
1154,3x1x4,Reciclado,32
3025,7x4x7,Plastico,14
3042,6x10x7,Plastico,23
3170,3x2x9,Plastico,20
925,3x7x5,Reciclado,2
2859,1x1x4,Organico,33
1416,5x1x5,Plastico,38
1353,10x7x5,Plastico,15
2068,1x3x6,Plastico,21
2923,3x9x10,Plastico,45
1324,6x1x7,Organico,32
1224,1x6x4,Reciclado,29
1208,8x9x10,Reciclado,28
3101,3x2x10,Madera,37
1265,10x3x3,Plastico,27
3264,2x2x9,Reciclado,44
1410,4x3x5,Plastico,11
937,10x9x8,Madera,6
10,4x9x2,Madera,15
2179,8x3x10,Reciclado,19
1193,4x2x1,Reciclado,28
2494,3x1x4,Plastico,27
1972,8x3x2,Organico,8
2718,1x4x4,Plastico,16
2979,10x5x2,Organico,17
2746,7x1x6,Madera,2
1984,5x1x8,Organico,6
2808,10x9x3,Plastico,14
2525,5x9x8,Plastico,10
3444,2x5x7,Madera,24
3354,5x4x8,Reciclado,4
2680,7x10x10,Organico,50
1257,1x5x1,Madera,31
2662,8x6x5,Reciclado,1
2536,3x5x5,Madera,3
1359,6x6x2,Organico,10
2274,7x8x3,Madera,33
1498,5x1x1,Reciclado,30
2960,8x4x5,Organico,43
2661,1x4x9,Madera,48
3318,2x9x6,Reciclado,1
2249,5x1x8,Madera,14
2076,9x1x4,Madera,10
1062,1x9x9,Madera,47
3165,6x7x3,Madera,47
835,7x10x1,Organico,25
2999,8x5x9,Organico,7
3038,4x2x2,Madera,45
1529,6x7x7,Madera,36
3276,3x8x8,Organico,31
1087,3x9x4,Reciclado,17
1986,2x6x8,Madera,8
1331,10x6x5,Reciclado,41
2145,10x1x9,Organico,24
874,9x9x6,Organico,20
1447,4x1x10,Organico,6
2812,4x6x2,Plastico,48
2234,9x9x8,Plastico,39
1295,2x2x9,Reciclado,40
3391,10x4x7,Reciclado,45
2400,5x3x1,Organico,34
2836,6x7x6,Plastico,41
3411,9x3x1,Organico,4
1494,3x10x7,Madera,17
2981,4x4x4,Reciclado,9
1258,5x9x3,Reciclado,28
3030,7x1x7,Madera,15
2160,6x6x10,Plastico,38
2528,7x6x2,Organico,42
1181,5x1x3,Reciclado,38
1425,9x8x3,Madera,33
2334,5x4x4,Plastico,10
3395,1x4x10,Reciclado,43
1255,9x4x8,Plastico,33
2690,5x4x9,Plastico,15
3168,8x8x4,Plastico,30
1111,10x3x7,Reciclado,23
29,2x6x9,Organico,50
1277,3x10x6,Madera,2
1101,4x4x8,Reciclado,6
2032,6x1x8,Organico,20
2342,1x1x7,Organico,48
1177,5x9x10,Madera,40
2080,1x6x6,Organico,25
1155,3x8x6,Madera,9
3145,5x9x8,Reciclado,5
873,10x10x6,Plastico,25
1593,6x2x6,Madera,3
2627,2x3x4,Madera,28
1507,5x6x3,Plastico,5
2203,10x6x5,Madera,29
2050,6x1x7,Reciclado,19
1238,8x5x5,Organico,28
2479,3x3x5,Reciclado,26
3153,9x8x3,Organico,45
2142,7x10x4,Organico,37
2088,1x5x7,Reciclado,6
0,4x1x6,Madera,29
1014,1x7x10,Organico,19
2757,7x8x5,Plastico,17
932,5x5x1,Organico,30
32,8x6x2,Reciclado,3
1357,9x2x5,Reciclado,31
1113,2x6x9,Reciclado,32
1241,2x2x7,Madera,50
2744,7x8x8,Organico,18
3233,3x7x9,Organico,20
1546,3x7x2,Madera,44
2318,8x1x7,Reciclado,48
1571,2x9x1,Plastico,2
2769,4x4x1,Plastico,16
1397,5x8x7,Reciclado,13
2605,4x5x2,Reciclado,32
1443,2x5x5,Organico,25
964,9x3x7,Organico,41
1407,10x8x2,Madera,24
2978,5x6x5,Reciclado,48
1039,4x8x1,Reciclado,30
1520,3x7x7,Reciclado,5
2477,3x8x3,Madera,48
913,10x1x1,Organico,50
2687,8x7x2,Reciclado,2
2177,4x8x1,Madera,4
1057,2x8x5,Plastico,24
3110,2x9x7,Madera,10
3407,8x4x9,Reciclado,19
2617,6x6x1,Plastico,32
1278,8x5x1,Reciclado,12
2031,6x2x2,Plastico,5
958,8x2x8,Organico,3
903,8x10x3,Madera,13
2118,4x7x10,Organico,38
940,4x1x7,Madera,45
3332,1x9x6,Organico,20
3105,3x2x7,Madera,43
2618,6x3x2,Madera,21
1493,8x6x5,Plastico,20
2582,8x10x1,Organico,25
1017,3x9x5,Organico,29
2763,9x1x3,Plastico,36
1545,5x2x7,Plastico,8
1508,5x2x2,Madera,33
952,1x8x5,Plastico,43
2046,6x9x4,Reciclado,26
1120,10x2x7,Madera,39
3017,5x1x8,Plastico,2
3128,1x2x1,Reciclado,42
2121,3x5x1,Madera,49
818,9x6x7,Reciclado,30
1554,4x10x6,Plastico,42
1403,2x3x4,Reciclado,41
2869,7x3x9,Madera,4
2534,9x1x8,Plastico,39
1127,7x1x4,Plastico,46
2202,8x8x9,Plastico,2
3388,8x1x7,Madera,6
3254,6x7x1,Madera,7
2047,4x7x10,Reciclado,34
2855,2x10x10,Madera,13
2359,10x4x1,Madera,20
1482,6x5x3,Reciclado,31
2487,1x7x6,Organico,29
2877,4x2x4,Reciclado,26
3240,2x9x1,Madera,27
1948,2x7x3,Organico,4
2886,4x2x2,Madera,13
1075,10x5x6,Organico,36
3256,4x2x4,Organico,46
1298,5x2x5,Plastico,15
2571,2x6x1,Reciclado,7
998,3x3x2,Madera,21
1021,7x8x9,Plastico,25
3220,1x4x7,Reciclado,28
1091,7x1x1,Plastico,48
1997,3x1x9,Organico,16
1317,6x8x2,Organico,7
2939,9x7x10,Plastico,12
3143,5x10x4,Plastico,9
1328,8x5x5,Organico,15
2147,4x1x3,Madera,43
2241,6x5x8,Organico,50
3441,2x9x5,Organico,25
2284,9x2x2,Plastico,50
1207,5x1x5,Reciclado,37
1349,8x2x6,Organico,1
1063,3x9x9,Madera,2
35,7x4x8,Madera,50
2011,1x3x3,Madera,10
2375,4x4x8,Plastico,14
36,10x8x7,Plastico,46
2163,9x5x4,Organico,15
3304,9x5x7,Reciclado,47
854,1x7x10,Organico,50
3378,6x4x10,Madera,16
1322,1x2x1,Reciclado,43
2225,9x6x7,Plastico,7
866,7x6x5,Madera,4
2010,6x1x8,Organico,39
1306,8x6x9,Plastico,19
2802,7x2x10,Organico,19
1103,9x9x3,Plastico,20
851,8x3x3,Reciclado,8
911,8x2x9,Plastico,39
2711,2x5x5,Madera,49
1451,10x4x6,Reciclado,11
2078,7x5x8,Plastico,44
1146,5x7x3,Reciclado,21
2260,8x2x6,Reciclado,48
2726,9x4x1,Madera,39
1999,8x1x9,Plastico,42
2140,5x1x7,Reciclado,13
2480,2x9x1,Madera,14
986,9x8x6,Madera,24
1027,9x9x2,Organico,22
2611,10x10x5,Madera,38
3260,8x1x3,Organico,45
2914,1x5x7,Reciclado,37
2278,2x9x8,Plastico,22
1424,6x5x5,Plastico,47
1570,10x7x5,Plastico,23
1577,5x7x2,Reciclado,20
1461,1x7x2,Reciclado,24
3214,7x4x10,Madera,35
966,5x6x3,Madera,14
1061,4x7x5,Madera,31
1538,4x10x10,Madera,27
2654,5x1x1,Madera,26
43,6x8x5,Plastico,27
3167,3x10x4,Reciclado,35
1131,3x5x7,Organico,3
3182,2x7x6,Organico,39
2161,8x6x3,Madera,39
2811,1x8x4,Organico,6
3296,8x2x10,Plastico,46
1356,8x8x10,Madera,23
3200,5x2x8,Plastico,34
2180,9x4x7,Reciclado,25
1190,5x1x10,Reciclado,50
1305,5x7x9,Plastico,50
3158,4x9x2,Plastico,41
3325,7x9x5,Reciclado,32
897,8x1x10,Madera,41
1003,7x9x6,Organico,33
2181,6x4x8,Organico,16
1415,9x3x10,Reciclado,15
1417,9x7x8,Organico,18
1093,2x9x1,Reciclado,24
1325,7x9x2,Plastico,32
2930,8x9x6,Reciclado,8
1098,10x8x5,Madera,10
1144,1x4x8,Madera,13
922,1x7x2,Madera,49
2083,5x7x5,Organico,29
2049,1x6x2,Reciclado,28
1489,4x6x1,Madera,21
2519,3x6x8,Madera,5
915,7x4x8,Madera,45
1077,4x6x6,Plastico,43
1513,2x1x3,Plastico,50
2580,6x1x3,Organico,13
2969,6x7x3,Madera,4
826,7x8x4,Plastico,13
811,3x7x8,Organico,39
2282,9x4x10,Organico,2
2424,7x9x2,Madera,37
2105,5x10x2,Reciclado,22
1371,9x3x6,Organico,20
2154,10x9x5,Organico,22
1036,2x9x3,Madera,12
2647,2x2x10,Organico,5
2471,10x7x4,Plastico,38
1366,9x1x10,Reciclado,43
2937,4x10x9,Reciclado,39
1169,7x9x5,Organico,25
2994,6x3x3,Madera,10
2040,1x2x5,Madera,24
1141,6x7x8,Reciclado,18
3051,4x1x7,Organico,50
2331,10x1x4,Organico,3
2818,4x10x7,Plastico,38
3134,5x5x9,Madera,34
1551,2x10x10,Plastico,47
1384,4x7x9,Organico,13
1468,10x10x2,Madera,47
3070,4x3x5,Madera,33
974,6x7x7,Reciclado,43
2816,7x7x5,Reciclado,9
3389,10x9x9,Reciclado,20
2813,3x8x7,Organico,2
1496,5x2x10,Madera,22
1434,9x3x5,Plastico,12
1082,4x2x10,Reciclado,15
2615,10x6x6,Reciclado,19
3004,10x9x1,Madera,2
15,7x1x9,Organico,18
2691,5x3x5,Organico,37
3265,9x4x9,Organico,10
1178,10x1x2,Organico,4
1469,2x2x10,Reciclado,11
2569,1x3x4,Organico,15
1472,8x10x2,Reciclado,21
1052,9x8x8,Plastico,13
842,10x3x6,Reciclado,11
1389,7x8x10,Madera,36
1559,1x3x1,Plastico,27
3099,10x3x8,Madera,41
1049,5x1x8,Reciclado,9
3413,9x7x9,Organico,17
1121,10x6x4,Organico,41
2087,9x7x6,Organico,50
3429,4x9x7,Reciclado,43
2986,3x3x5,Plastico,31
3329,1x2x7,Plastico,34
2391,2x1x1,Madera,13
1016,7x9x10,Organico,31
1139,5x3x4,Reciclado,29
2428,8x7x1,Organico,34
1445,8x1x5,Reciclado,34
2667,2x2x2,Plastico,33
3362,5x6x10,Organico,14
3403,4x4x10,Reciclado,18
3076,5x4x3,Reciclado,5
863,7x8x3,Organico,23
1581,6x3x2,Madera,48
2390,5x6x7,Madera,44
1542,3x2x3,Reciclado,13
1264,2x9x8,Reciclado,40
2362,7x1x2,Plastico,28
3358,5x8x7,Organico,41
1477,5x6x5,Plastico,16
1450,1x3x5,Reciclado,3
2133,10x8x3,Madera,33
1466,2x7x8,Madera,12
2109,7x6x5,Reciclado,46
16,7x10x5,Organico,4
3179,6x9x9,Organico,9
2253,10x2x9,Reciclado,19
1446,5x6x1,Organico,9
1023,1x6x6,Madera,49
2588,10x5x3,Plastico,40
1562,1x1x10,Reciclado,24
3199,4x10x1,Plastico,15
2535,9x6x5,Plastico,4
884,10x2x6,Reciclado,40
3001,3x8x6,Organico,2
2932,2x9x5,Plastico,6
2449,5x4x7,Madera,20
2126,1x1x10,Madera,9
1007,2x6x2,Reciclado,9
1346,8x3x2,Plastico,16
3288,6x2x7,Plastico,45
1374,7x7x9,Madera,13
1055,3x4x8,Reciclado,36
1150,8x3x1,Organico,35
14,10x10x6,Madera,50
2592,3x7x3,Plastico,38
1118,7x1x4,Madera,32
3055,8x9x10,Reciclado,24
3193,10x7x1,Plastico,33
2369,3x2x7,Reciclado,8
1518,3x8x6,Reciclado,23
1969,5x2x10,Organico,28
938,6x5x2,Plastico,20
2781,6x3x3,Reciclado,45
3253,9x4x3,Madera,32
898,5x8x1,Organico,25
1582,6x6x3,Plastico,41
1548,1x2x3,Madera,44
40,8x7x10,Reciclado,46
1367,4x8x1,Reciclado,6
2677,6x7x8,Plastico,46
1553,7x2x5,Plastico,42
3330,3x4x3,Plastico,10
2530,2x8x8,Plastico,6
2204,7x6x3,Reciclado,38
3374,2x9x2,Reciclado,48
3161,6x9x3,Organico,26
3314,1x9x2,Madera,45
2281,7x7x7,Reciclado,7
3435,9x9x2,Organico,8
3383,10x3x3,Reciclado,1
3390,2x2x4,Plastico,36
2124,7x2x10,Organico,11
1382,5x8x1,Plastico,29
2796,4x8x6,Reciclado,19
1290,1x5x3,Reciclado,34
1429,7x1x8,Organico,24
1388,4x6x2,Organico,45
1590,5x1x7,Reciclado,36
870,6x9x5,Plastico,11
1059,4x6x8,Madera,19
2846,9x8x6,Plastico,7
2542,4x8x10,Reciclado,33
2865,2x7x5,Reciclado,36
1012,5x3x7,Madera,14
2540,10x3x5,Organico,36
1058,7x7x4,Plastico,46
2722,4x7x2,Madera,40
3451,10x2x9,Plastico,36
2766,8x1x6,Madera,17
1522,4x10x3,Reciclado,46
1069,8x5x8,Reciclado,14
2346,5x4x9,Madera,8
3056,8x7x4,Organico,19
1390,7x2x8,Reciclado,14
2106,3x2x7,Reciclado,35
1535,1x7x7,Plastico,3
1090,5x2x3,Reciclado,9
1074,6x2x5,Reciclado,25
1005,3x9x8,Plastico,6
1481,3x1x9,Organico,7
2612,2x10x4,Organico,38
902,8x7x10,Madera,46
1293,8x7x2,Organico,14
3044,10x8x5,Reciclado,11
813,5x9x6,Plastico,2
989,1x3x5,Plastico,27
1172,6x7x10,Organico,6
2881,4x2x9,Reciclado,46
2973,8x1x4,Organico,39
1247,3x5x9,Reciclado,27
2464,8x3x3,Madera,49
2996,8x3x1,Reciclado,11
1575,6x10x1,Reciclado,25
2498,8x6x5,Reciclado,41
1589,8x9x10,Reciclado,3
1531,3x5x1,Plastico,43
1519,5x10x9,Organico,27
3009,1x8x9,Madera,29
927,6x9x3,Plastico,2
3333,4x5x8,Plastico,14
1555,3x5x9,Organico,18
1089,9x7x3,Madera,1
2230,7x3x5,Reciclado,46
1307,4x2x10,Madera,7
1200,4x10x3,Madera,23
1,3x5x2,Madera,38
1189,7x3x2,Plastico,44
2825,9x8x5,Plastico,23
1209,9x4x8,Plastico,24
2134,1x7x3,Reciclado,34
2507,8x7x6,Plastico,15
2036,2x9x1,Plastico,12
1268,1x4x6,Organico,48
2860,8x9x6,Organico,26
2312,5x9x6,Plastico,11
2151,8x1x2,Organico,8
2698,2x2x7,Reciclado,29
2156,6x6x7,Plastico,39
1480,4x5x4,Plastico,48
991,6x1x2,Madera,20
981,2x7x7,Madera,18
2834,3x8x3,Madera,41
1361,3x3x1,Reciclado,15
1147,8x7x2,Madera,4
972,1x2x9,Organico,18
20,7x2x8,Reciclado,3
3022,10x9x6,Organico,49
2695,2x1x9,Reciclado,5
840,1x4x4,Plastico,27
2814,8x10x3,Madera,43
2143,4x6x8,Organico,25
943,3x8x9,Madera,28
3259,8x8x3,Organico,2
2240,7x2x5,Madera,36
41,5x4x2,Madera,46
1365,5x6x3,Madera,3
2594,5x7x2,Plastico,46
3268,9x8x2,Madera,29
1965,6x1x5,Madera,44
2724,6x4x6,Organico,31
2506,1x2x9,Madera,17
1024,10x8x3,Reciclado,12
861,2x6x3,Madera,16
2790,2x9x5,Plastico,50
856,3x9x8,Plastico,34
1423,4x2x1,Plastico,28
18,5x5x9,Reciclado,22
914,1x4x9,Reciclado,7
3228,5x9x6,Reciclado,16
4,5x1x7,Organico,38
987,6x6x4,Reciclado,5
2732,3x4x8,Reciclado,3
1585,2x9x3,Reciclado,40
1285,4x6x1,Plastico,48
1405,2x1x4,Plastico,46
1320,4x6x8,Madera,28
3142,4x9x10,Plastico,21
1130,6x2x2,Madera,5
3231,1x10x7,Organico,40
3337,8x2x8,Reciclado,28
2670,10x4x4,Plastico,6
906,9x2x10,Organico,9
1297,7x1x4,Organico,21
2084,4x6x10,Reciclado,17
928,6x10x2,Organico,13
2056,5x8x8,Madera,41
3159,1x9x2,Organico,29
1042,1x1x3,Plastico,35
1334,8x1x9,Reciclado,43
2609,4x6x7,Organico,35
1372,3x3x10,Organico,32
2727,3x9x1,Organico,42
1430,10x7x2,Plastico,49
841,4x1x2,Madera,25
1487,10x3x2,Plastico,46
1501,10x6x7,Organico,26
1119,10x10x9,Madera,42
869,3x5x8,Reciclado,35
918,5x3x4,Organico,16
1533,3x6x10,Organico,48
1333,2x3x6,Organico,30
2775,10x3x3,Organico,43
1471,3x4x1,Reciclado,2
1000,2x4x9,Madera,7
832,2x6x9,Madera,42
852,9x2x2,Madera,15
3412,4x3x1,Plastico,30
1406,6x1x10,Organico,7
1185,9x6x3,Madera,38
1323,1x10x9,Reciclado,13
908,8x3x4,Plastico,28
3115,10x4x4,Plastico,35
39,7x8x8,Organico,25
1420,10x3x1,Madera,35
1457,9x10x10,Madera,37
2993,7x8x4,Reciclado,30
1394,9x7x2,Organico,36
1584,8x10x9,Organico,9
1272,5x3x9,Reciclado,1
1271,7x1x7,Plastico,12
1259,5x3x8,Reciclado,50
2902,8x6x9,Plastico,40
1122,4x1x7,Organico,33
1362,2x6x6,Reciclado,4
1308,7x3x8,Organico,45
960,4x6x1,Plastico,13
930,4x6x8,Plastico,9
1951,6x7x5,Plastico,44
827,10x2x8,Reciclado,21
1246,4x1x6,Organico,13
38,9x10x7,Plastico,44
2,10x5x1,Plastico,19
2316,4x10x6,Plastico,29
1136,3x4x3,Reciclado,23
996,6x8x9,Reciclado,34
2252,3x6x2,Madera,7
1435,10x9x6,Madera,37
1018,10x7x3,Plastico,19
1030,10x2x9,Madera,14
1128,8x5x3,Plastico,39
1219,5x1x1,Organico,12
1316,9x3x8,Reciclado,43
1289,7x10x9,Reciclado,25
2429,8x8x4,Reciclado,44
1540,6x4x8,Madera,48
3266,4x3x7,Reciclado,16
33,8x2x7,Reciclado,29
1026,3x9x9,Reciclado,34
1459,4x7x5,Organico,35
2221,3x7x4,Madera,13
1195,3x6x6,Reciclado,32
1348,3x5x5,Plastico,9
1105,2x7x1,Madera,12
1993,9x6x8,Plastico,4
1345,1x7x5,Reciclado,38
846,9x4x9,Organico,13
3346,1x3x6,Organico,32
2052,2x5x3,Plastico,15
3219,2x9x5,Madera,15
1110,1x9x10,Madera,30
1161,8x5x3,Organico,41
1413,7x1x1,Reciclado,16
1054,3x3x3,Organico,31
969,6x3x8,Madera,40
2484,4x6x1,Reciclado,16
1385,6x10x3,Plastico,43
1261,9x2x8,Plastico,40
875,3x6x3,Plastico,5
1282,2x2x3,Organico,5
1448,10x10x9,Madera,7
895,5x6x10,Reciclado,6
1524,5x8x4,Plastico,45
1411,5x10x4,Plastico,48
28,2x2x5,Plastico,34
2319,2x8x2,Reciclado,42
1376,7x7x1,Plastico,33
862,4x6x5,Organico,23
37,10x4x1,Reciclado,24
890,1x8x2,Madera,16
1399,4x7x3,Reciclado,30
853,10x1x9,Organico,25
1460,2x9x3,Plastico,7
857,5x1x1,Madera,36
1474,2x2x6,Reciclado,20
1569,5x4x10,Plastico,1
3376,2x4x1,Reciclado,33
1595,3x3x7,Organico,45
1020,6x8x7,Reciclado,38
2042,2x1x9,Organico,7
1510,2x7x8,Plastico,8
939,9x7x8,Organico,9
1442,5x1x1,Madera,13
1221,9x10x7,Madera,44
1095,8x9x1,Organico,4
833,7x8x3,Madera,20
3169,9x2x7,Plastico,9
2931,6x6x2,Madera,10
1223,10x3x3,Organico,23
976,2x4x6,Organico,31
2543,10x6x3,Reciclado,16
885,8x1x7,Madera,16
1145,6x4x1,Organico,47
1222,6x9x9,Plastico,28
999,7x10x5,Reciclado,7
1019,9x8x2,Reciclado,50
2436,8x9x1,Organico,43
1437,2x8x3,Organico,10
1506,1x6x4,Madera,27
1249,5x9x10,Madera,24
1248,2x3x4,Plastico,17
1543,3x6x8,Organico,4
899,2x9x10,Plastico,38
1579,9x9x2,Plastico,8
809,9x9x10,Plastico,4
970,10x2x5,Plastico,34
1156,5x3x3,Organico,12
1576,9x5x7,Madera,43
1539,1x8x5,Organico,6
1574,5x3x3,Plastico,14
1115,4x5x2,Reciclado,13
1355,9x5x6,Plastico,15
1011,9x10x6,Organico,18
1541,6x10x9,Organico,30
17,4x4x10,Madera,16
1165,8x5x9,Madera,22
1065,6x8x4,Plastico,40
978,3x2x3,Plastico,19
1452,7x6x1,Madera,17
1043,8x9x9,Madera,13
1560,6x9x9,Plastico,8
1465,7x1x4,Madera,25
2409,6x1x2,Reciclado,2
1462,2x5x2,Plastico,48
1215,5x10x8,Reciclado,28
868,3x10x2,Organico,3
1491,8x6x5,Plastico,25
2092,3x6x1,Organico,40
1092,7x8x5,Reciclado,30
1409,10x5x3,Reciclado,17
1236,7x7x9,Organico,35
3278,3x4x3,Reciclado,6
855,4x7x10,Madera,8
1380,4x7x6,Organico,4
1527,9x3x2,Reciclado,22
919,10x1x3,Reciclado,17
1592,2x4x4,Plastico,36
988,1x9x6,Madera,21
1035,6x7x10,Organico,49
1490,7x6x7,Madera,39
1509,1x7x4,Plastico,30
980,2x5x5,Madera,9
44,3x6x3,Reciclado,30
1402,6x9x7,Reciclado,50
1453,10x4x10,Organico,1
1269,7x3x6,Organico,30
1166,4x1x8,Madera,23
1599,7x1x2,Madera,8
1393,7x6x2,Reciclado,22
1230,7x6x8,Organico,41
1302,9x5x10,Organico,34
1213,4x9x2,Organico,43
1088,1x9x6,Madera,35
904,7x3x7,Reciclado,32
1587,8x2x3,Reciclado,28
1594,9x2x4,Organico,1
1157,3x8x9,Plastico,25
887,7x10x8,Plastico,25
1279,1x6x9,Reciclado,48
1068,5x3x2,Plastico,25
22,4x10x9,Madera,4
1354,3x10x7,Plastico,17
1227,10x9x7,Reciclado,46
1266,7x5x2,Madera,39
